name	domain	category	nerd_suffix	path	codepoint	ascii	source_set
CodeArray	MdEditor	Code	code_array	md-editor-code-array	F0168	E	md
CodeBraces	MdEditor	Code	code_braces	md-editor-code-braces	F0169	E	md
CodeBracesBox	MdEditor	Code	code_braces_box	md-editor-code-braces-box	F10D6	E	md
CodeBrackets	MdEditor	Code	code_brackets	md-editor-code-brackets	F016A	E	md
CodeEqual	MdEditor	Code	code_equal	md-editor-code-equal	F016B	E	md
CodeGreaterThan	MdEditor	Code	code_greater_than	md-editor-code-greater-than	F016C	E	md
CodeGreaterThanOrEqual	MdEditor	Code	code_greater_than_or_equal	md-editor-code-greater-than-or-equal	F016D	E	md
CodeJson	MdEditor	Code	code_json	md-editor-code-json	F0626	E	md
CodeLessThan	MdEditor	Code	code_less_than	md-editor-code-less-than	F016E	E	md
CodeLessThanOrEqual	MdEditor	Code	code_less_than_or_equal	md-editor-code-less-than-or-equal	F016F	E	md
CodeNotEqual	MdEditor	Code	code_not_equal	md-editor-code-not-equal	F0170	E	md
CodeNotEqualVariant	MdEditor	Code	code_not_equal_variant	md-editor-code-not-equal-variant	F0171	E	md
CodeParentheses	MdEditor	Code	code_parentheses	md-editor-code-parentheses	F0172	E	md
CodeParenthesesBox	MdEditor	Code	code_parentheses_box	md-editor-code-parentheses-box	F10D7	E	md
CodeString	MdEditor	Code	code_string	md-editor-code-string	F0173	E	md
CodeTags	MdEditor	Code	code_tags	md-editor-code-tags	F0174	E	md
CodeTagsCheck	MdEditor	Code	code_tags_check	md-editor-code-tags-check	F0694	E	md
Script	MdEditor	Code	script	md-editor-script	F0BC1	E	md
ScriptOutline	MdEditor	Code	script_outline	md-editor-script-outline	F0477	E	md
ScriptText	MdEditor	Code	script_text	md-editor-script-text	F0BC2	E	md
ScriptTextKey	MdEditor	Code	script_text_key	md-editor-script-text-key	F1725	E	md
ScriptTextKeyOutline	MdEditor	Code	script_text_key_outline	md-editor-script-text-key-outline	F1726	E	md
ScriptTextOutline	MdEditor	Code	script_text_outline	md-editor-script-text-outline	F0BC3	E	md
ScriptTextPlay	MdEditor	Code	script_text_play	md-editor-script-text-play	F1727	E	md
ScriptTextPlayOutline	MdEditor	Code	script_text_play_outline	md-editor-script-text-play-outline	F1728	E	md
Xml	MdEditor	Code	xml	md-editor-xml	F05C0	E	md
Brush	MdEditor	Color	brush	md-editor-brush	F00E3	E	md
BrushOff	MdEditor	Color	brush_off	md-editor-brush-off	F1771	E	md
BrushOutline	MdEditor	Color	brush_outline	md-editor-brush-outline	F1A0D	E	md
BrushVariant	MdEditor	Color	brush_variant	md-editor-brush-variant	F1813	E	md
ColorHelper	MdEditor	Color	color_helper	md-editor-color-helper	F0179	E	md
GradientHorizontal	MdEditor	Color	gradient_horizontal	md-editor-gradient-horizontal	F174A	E	md
GradientVertical	MdEditor	Color	gradient_vertical	md-editor-gradient-vertical	F06A0	E	md
Palette	MdEditor	Color	palette	md-editor-palette	F03D8	E	md
PaletteAdvanced	MdEditor	Color	palette_advanced	md-editor-palette-advanced	F03D9	E	md
PaletteOutline	MdEditor	Color	palette_outline	md-editor-palette-outline	F0E0C	E	md
PaletteSwatch	MdEditor	Color	palette_swatch	md-editor-palette-swatch	F08B5	E	md
PaletteSwatchOutline	MdEditor	Color	palette_swatch_outline	md-editor-palette-swatch-outline	F135C	E	md
PaletteSwatchVariant	MdEditor	Color	palette_swatch_variant	md-editor-palette-swatch-variant	F195A	E	md
Draw	MdEditor	Draw	draw	md-editor-draw	F0F49	E	md
DrawPen	MdEditor	Draw	draw_pen	md-editor-draw-pen	F19B9	E	md
VectorArrangeAbove	MdEditor	Draw	vector_arrange_above	md-editor-vector-arrange-above	F0554	E	md
VectorArrangeBelow	MdEditor	Draw	vector_arrange_below	md-editor-vector-arrange-below	F0555	E	md
VectorBezier	MdEditor	Draw	vector_bezier	md-editor-vector-bezier	F0AE8	E	md
VectorCircle	MdEditor	Draw	vector_circle	md-editor-vector-circle	F0556	E	md
VectorCircleVariant	MdEditor	Draw	vector_circle_variant	md-editor-vector-circle-variant	F0557	E	md
VectorCombine	MdEditor	Draw	vector_combine	md-editor-vector-combine	F0558	E	md
VectorCurve	MdEditor	Draw	vector_curve	md-editor-vector-curve	F0559	E	md
VectorDifference	MdEditor	Draw	vector_difference	md-editor-vector-difference	F055A	E	md
VectorDifferenceAb	MdEditor	Draw	vector_difference_ab	md-editor-vector-difference-ab	F055B	E	md
VectorDifferenceBa	MdEditor	Draw	vector_difference_ba	md-editor-vector-difference-ba	F055C	E	md
VectorEllipse	MdEditor	Draw	vector_ellipse	md-editor-vector-ellipse	F0893	E	md
VectorIntersection	MdEditor	Draw	vector_intersection	md-editor-vector-intersection	F055D	E	md
VectorLine	MdEditor	Draw	vector_line	md-editor-vector-line	F055E	E	md
VectorLink	MdEditor	Draw	vector_link	md-editor-vector-link	F0FE8	E	md
VectorPoint	MdEditor	Draw	vector_point	md-editor-vector-point	F055F	E	md
VectorPolygon	MdEditor	Draw	vector_polygon	md-editor-vector-polygon	F0560	E	md
VectorPolygonVariant	MdEditor	Draw	vector_polygon_variant	md-editor-vector-polygon-variant	F1856	E	md
VectorPolyline	MdEditor	Draw	vector_polyline	md-editor-vector-polyline	F0561	E	md
VectorPolylineEdit	MdEditor	Draw	vector_polyline_edit	md-editor-vector-polyline-edit	F1225	E	md
VectorPolylineMinus	MdEditor	Draw	vector_polyline_minus	md-editor-vector-polyline-minus	F1226	E	md
VectorPolylinePlus	MdEditor	Draw	vector_polyline_plus	md-editor-vector-polyline-plus	F1227	E	md
VectorPolylineRemove	MdEditor	Draw	vector_polyline_remove	md-editor-vector-polyline-remove	F1228	E	md
VectorRadius	MdEditor	Draw	vector_radius	md-editor-vector-radius	F074A	E	md
VectorRectangle	MdEditor	Draw	vector_rectangle	md-editor-vector-rectangle	F05C6	E	md
VectorSelection	MdEditor	Draw	vector_selection	md-editor-vector-selection	F0562	E	md
VectorSquare	MdEditor	Draw	vector_square	md-editor-vector-square	F0001	E	md
VectorSquareClose	MdEditor	Draw	vector_square_close	md-editor-vector-square-close	F1857	E	md
VectorSquareEdit	MdEditor	Draw	vector_square_edit	md-editor-vector-square-edit	F18D9	E	md
VectorSquareMinus	MdEditor	Draw	vector_square_minus	md-editor-vector-square-minus	F18DA	E	md
VectorSquareOpen	MdEditor	Draw	vector_square_open	md-editor-vector-square-open	F1858	E	md
VectorSquarePlus	MdEditor	Draw	vector_square_plus	md-editor-vector-square-plus	F18DB	E	md
VectorSquareRemove	MdEditor	Draw	vector_square_remove	md-editor-vector-square-remove	F18DC	E	md
VectorTriangle	MdEditor	Draw	vector_triangle	md-editor-vector-triangle	F0563	E	md
VectorUnion	MdEditor	Draw	vector_union	md-editor-vector-union	F0564	E	md
Alpha	MdEditor	Format	alpha	md-editor-alpha	F002B	E	md
AlphaA	MdEditor	Format	alpha_a	md-editor-alpha-a	F0AEE	E	md
AlphaABox	MdEditor	Format	alpha_a_box	md-editor-alpha-a-box	F0B08	E	md
AlphaABoxOutline	MdEditor	Format	alpha_a_box_outline	md-editor-alpha-a-box-outline	F0BEB	E	md
AlphaACircle	MdEditor	Format	alpha_a_circle	md-editor-alpha-a-circle	F0BEC	E	md
AlphaACircleOutline	MdEditor	Format	alpha_a_circle_outline	md-editor-alpha-a-circle-outline	F0BED	E	md
AlphaB	MdEditor	Format	alpha_b	md-editor-alpha-b	F0AEF	E	md
AlphaBBox	MdEditor	Format	alpha_b_box	md-editor-alpha-b-box	F0B09	E	md
AlphaBBoxOutline	MdEditor	Format	alpha_b_box_outline	md-editor-alpha-b-box-outline	F0BEE	E	md
AlphaBCircle	MdEditor	Format	alpha_b_circle	md-editor-alpha-b-circle	F0BEF	E	md
AlphaBCircleOutline	MdEditor	Format	alpha_b_circle_outline	md-editor-alpha-b-circle-outline	F0BF0	E	md
AlphaC	MdEditor	Format	alpha_c	md-editor-alpha-c	F0AF0	E	md
AlphaCBox	MdEditor	Format	alpha_c_box	md-editor-alpha-c-box	F0B0A	E	md
AlphaCBoxOutline	MdEditor	Format	alpha_c_box_outline	md-editor-alpha-c-box-outline	F0BF1	E	md
AlphaCCircle	MdEditor	Format	alpha_c_circle	md-editor-alpha-c-circle	F0BF2	E	md
AlphaCCircleOutline	MdEditor	Format	alpha_c_circle_outline	md-editor-alpha-c-circle-outline	F0BF3	E	md
AlphaD	MdEditor	Format	alpha_d	md-editor-alpha-d	F0AF1	E	md
AlphaDBox	MdEditor	Format	alpha_d_box	md-editor-alpha-d-box	F0B0B	E	md
AlphaDBoxOutline	MdEditor	Format	alpha_d_box_outline	md-editor-alpha-d-box-outline	F0BF4	E	md
AlphaDCircle	MdEditor	Format	alpha_d_circle	md-editor-alpha-d-circle	F0BF5	E	md
AlphaDCircleOutline	MdEditor	Format	alpha_d_circle_outline	md-editor-alpha-d-circle-outline	F0BF6	E	md
AlphaE	MdEditor	Format	alpha_e	md-editor-alpha-e	F0AF2	E	md
AlphaEBox	MdEditor	Format	alpha_e_box	md-editor-alpha-e-box	F0B0C	E	md
AlphaEBoxOutline	MdEditor	Format	alpha_e_box_outline	md-editor-alpha-e-box-outline	F0BF7	E	md
AlphaECircle	MdEditor	Format	alpha_e_circle	md-editor-alpha-e-circle	F0BF8	E	md
AlphaECircleOutline	MdEditor	Format	alpha_e_circle_outline	md-editor-alpha-e-circle-outline	F0BF9	E	md
AlphaF	MdEditor	Format	alpha_f	md-editor-alpha-f	F0AF3	E	md
AlphaFBox	MdEditor	Format	alpha_f_box	md-editor-alpha-f-box	F0B0D	E	md
AlphaFBoxOutline	MdEditor	Format	alpha_f_box_outline	md-editor-alpha-f-box-outline	F0BFA	E	md
AlphaFCircle	MdEditor	Format	alpha_f_circle	md-editor-alpha-f-circle	F0BFB	E	md
AlphaFCircleOutline	MdEditor	Format	alpha_f_circle_outline	md-editor-alpha-f-circle-outline	F0BFC	E	md
AlphaG	MdEditor	Format	alpha_g	md-editor-alpha-g	F0AF4	E	md
AlphaGBox	MdEditor	Format	alpha_g_box	md-editor-alpha-g-box	F0B0E	E	md
AlphaGBoxOutline	MdEditor	Format	alpha_g_box_outline	md-editor-alpha-g-box-outline	F0BFD	E	md
AlphaGCircle	MdEditor	Format	alpha_g_circle	md-editor-alpha-g-circle	F0BFE	E	md
AlphaGCircleOutline	MdEditor	Format	alpha_g_circle_outline	md-editor-alpha-g-circle-outline	F0BFF	E	md
AlphaH	MdEditor	Format	alpha_h	md-editor-alpha-h	F0AF5	E	md
AlphaHBox	MdEditor	Format	alpha_h_box	md-editor-alpha-h-box	F0B0F	E	md
AlphaHBoxOutline	MdEditor	Format	alpha_h_box_outline	md-editor-alpha-h-box-outline	F0C00	E	md
AlphaHCircle	MdEditor	Format	alpha_h_circle	md-editor-alpha-h-circle	F0C01	E	md
AlphaHCircleOutline	MdEditor	Format	alpha_h_circle_outline	md-editor-alpha-h-circle-outline	F0C02	E	md
AlphaI	MdEditor	Format	alpha_i	md-editor-alpha-i	F0AF6	E	md
AlphaIBox	MdEditor	Format	alpha_i_box	md-editor-alpha-i-box	F0B10	E	md
AlphaIBoxOutline	MdEditor	Format	alpha_i_box_outline	md-editor-alpha-i-box-outline	F0C03	E	md
AlphaICircle	MdEditor	Format	alpha_i_circle	md-editor-alpha-i-circle	F0C04	E	md
AlphaICircleOutline	MdEditor	Format	alpha_i_circle_outline	md-editor-alpha-i-circle-outline	F0C05	E	md
AlphaJ	MdEditor	Format	alpha_j	md-editor-alpha-j	F0AF7	E	md
AlphaJBox	MdEditor	Format	alpha_j_box	md-editor-alpha-j-box	F0B11	E	md
AlphaJBoxOutline	MdEditor	Format	alpha_j_box_outline	md-editor-alpha-j-box-outline	F0C06	E	md
AlphaJCircle	MdEditor	Format	alpha_j_circle	md-editor-alpha-j-circle	F0C07	E	md
AlphaJCircleOutline	MdEditor	Format	alpha_j_circle_outline	md-editor-alpha-j-circle-outline	F0C08	E	md
AlphaK	MdEditor	Format	alpha_k	md-editor-alpha-k	F0AF8	E	md
AlphaKBox	MdEditor	Format	alpha_k_box	md-editor-alpha-k-box	F0B12	E	md
AlphaKBoxOutline	MdEditor	Format	alpha_k_box_outline	md-editor-alpha-k-box-outline	F0C09	E	md
AlphaKCircle	MdEditor	Format	alpha_k_circle	md-editor-alpha-k-circle	F0C0A	E	md
AlphaKCircleOutline	MdEditor	Format	alpha_k_circle_outline	md-editor-alpha-k-circle-outline	F0C0B	E	md
AlphaL	MdEditor	Format	alpha_l	md-editor-alpha-l	F0AF9	E	md
AlphaLBox	MdEditor	Format	alpha_l_box	md-editor-alpha-l-box	F0B13	E	md
AlphaLBoxOutline	MdEditor	Format	alpha_l_box_outline	md-editor-alpha-l-box-outline	F0C0C	E	md
AlphaLCircle	MdEditor	Format	alpha_l_circle	md-editor-alpha-l-circle	F0C0D	E	md
AlphaLCircleOutline	MdEditor	Format	alpha_l_circle_outline	md-editor-alpha-l-circle-outline	F0C0E	E	md
AlphaM	MdEditor	Format	alpha_m	md-editor-alpha-m	F0AFA	E	md
AlphaMBox	MdEditor	Format	alpha_m_box	md-editor-alpha-m-box	F0B14	E	md
AlphaMBoxOutline	MdEditor	Format	alpha_m_box_outline	md-editor-alpha-m-box-outline	F0C0F	E	md
AlphaMCircle	MdEditor	Format	alpha_m_circle	md-editor-alpha-m-circle	F0C10	E	md
AlphaMCircleOutline	MdEditor	Format	alpha_m_circle_outline	md-editor-alpha-m-circle-outline	F0C11	E	md
AlphaN	MdEditor	Format	alpha_n	md-editor-alpha-n	F0AFB	E	md
AlphaNBox	MdEditor	Format	alpha_n_box	md-editor-alpha-n-box	F0B15	E	md
AlphaNBoxOutline	MdEditor	Format	alpha_n_box_outline	md-editor-alpha-n-box-outline	F0C12	E	md
AlphaNCircle	MdEditor	Format	alpha_n_circle	md-editor-alpha-n-circle	F0C13	E	md
AlphaNCircleOutline	MdEditor	Format	alpha_n_circle_outline	md-editor-alpha-n-circle-outline	F0C14	E	md
AlphaO	MdEditor	Format	alpha_o	md-editor-alpha-o	F0AFC	E	md
AlphaOBox	MdEditor	Format	alpha_o_box	md-editor-alpha-o-box	F0B16	E	md
AlphaOBoxOutline	MdEditor	Format	alpha_o_box_outline	md-editor-alpha-o-box-outline	F0C15	E	md
AlphaOCircle	MdEditor	Format	alpha_o_circle	md-editor-alpha-o-circle	F0C16	E	md
AlphaOCircleOutline	MdEditor	Format	alpha_o_circle_outline	md-editor-alpha-o-circle-outline	F0C17	E	md
AlphaP	MdEditor	Format	alpha_p	md-editor-alpha-p	F0AFD	E	md
AlphaPBox	MdEditor	Format	alpha_p_box	md-editor-alpha-p-box	F0B17	E	md
AlphaPBoxOutline	MdEditor	Format	alpha_p_box_outline	md-editor-alpha-p-box-outline	F0C18	E	md
AlphaPCircle	MdEditor	Format	alpha_p_circle	md-editor-alpha-p-circle	F0C19	E	md
AlphaPCircleOutline	MdEditor	Format	alpha_p_circle_outline	md-editor-alpha-p-circle-outline	F0C1A	E	md
AlphaQ	MdEditor	Format	alpha_q	md-editor-alpha-q	F0AFE	E	md
AlphaQBox	MdEditor	Format	alpha_q_box	md-editor-alpha-q-box	F0B18	E	md
AlphaQBoxOutline	MdEditor	Format	alpha_q_box_outline	md-editor-alpha-q-box-outline	F0C1B	E	md
AlphaQCircle	MdEditor	Format	alpha_q_circle	md-editor-alpha-q-circle	F0C1C	E	md
AlphaQCircleOutline	MdEditor	Format	alpha_q_circle_outline	md-editor-alpha-q-circle-outline	F0C1D	E	md
AlphaR	MdEditor	Format	alpha_r	md-editor-alpha-r	F0AFF	E	md
AlphaRBox	MdEditor	Format	alpha_r_box	md-editor-alpha-r-box	F0B19	E	md
AlphaRBoxOutline	MdEditor	Format	alpha_r_box_outline	md-editor-alpha-r-box-outline	F0C1E	E	md
AlphaRCircle	MdEditor	Format	alpha_r_circle	md-editor-alpha-r-circle	F0C1F	E	md
AlphaRCircleOutline	MdEditor	Format	alpha_r_circle_outline	md-editor-alpha-r-circle-outline	F0C20	E	md
AlphaS	MdEditor	Format	alpha_s	md-editor-alpha-s	F0B00	E	md
AlphaSBox	MdEditor	Format	alpha_s_box	md-editor-alpha-s-box	F0B1A	E	md
AlphaSBoxOutline	MdEditor	Format	alpha_s_box_outline	md-editor-alpha-s-box-outline	F0C21	E	md
AlphaSCircle	MdEditor	Format	alpha_s_circle	md-editor-alpha-s-circle	F0C22	E	md
AlphaSCircleOutline	MdEditor	Format	alpha_s_circle_outline	md-editor-alpha-s-circle-outline	F0C23	E	md
AlphaT	MdEditor	Format	alpha_t	md-editor-alpha-t	F0B01	E	md
AlphaTBox	MdEditor	Format	alpha_t_box	md-editor-alpha-t-box	F0B1B	E	md
AlphaTBoxOutline	MdEditor	Format	alpha_t_box_outline	md-editor-alpha-t-box-outline	F0C24	E	md
AlphaTCircle	MdEditor	Format	alpha_t_circle	md-editor-alpha-t-circle	F0C25	E	md
AlphaTCircleOutline	MdEditor	Format	alpha_t_circle_outline	md-editor-alpha-t-circle-outline	F0C26	E	md
AlphaU	MdEditor	Format	alpha_u	md-editor-alpha-u	F0B02	E	md
AlphaUBox	MdEditor	Format	alpha_u_box	md-editor-alpha-u-box	F0B1C	E	md
AlphaUBoxOutline	MdEditor	Format	alpha_u_box_outline	md-editor-alpha-u-box-outline	F0C27	E	md
AlphaUCircle	MdEditor	Format	alpha_u_circle	md-editor-alpha-u-circle	F0C28	E	md
AlphaUCircleOutline	MdEditor	Format	alpha_u_circle_outline	md-editor-alpha-u-circle-outline	F0C29	E	md
AlphaV	MdEditor	Format	alpha_v	md-editor-alpha-v	F0B03	E	md
AlphaVBox	MdEditor	Format	alpha_v_box	md-editor-alpha-v-box	F0B1D	E	md
AlphaVBoxOutline	MdEditor	Format	alpha_v_box_outline	md-editor-alpha-v-box-outline	F0C2A	E	md
AlphaVCircle	MdEditor	Format	alpha_v_circle	md-editor-alpha-v-circle	F0C2B	E	md
AlphaVCircleOutline	MdEditor	Format	alpha_v_circle_outline	md-editor-alpha-v-circle-outline	F0C2C	E	md
AlphaW	MdEditor	Format	alpha_w	md-editor-alpha-w	F0B04	E	md
AlphaWBox	MdEditor	Format	alpha_w_box	md-editor-alpha-w-box	F0B1E	E	md
AlphaWBoxOutline	MdEditor	Format	alpha_w_box_outline	md-editor-alpha-w-box-outline	F0C2D	E	md
AlphaWCircle	MdEditor	Format	alpha_w_circle	md-editor-alpha-w-circle	F0C2E	E	md
AlphaWCircleOutline	MdEditor	Format	alpha_w_circle_outline	md-editor-alpha-w-circle-outline	F0C2F	E	md
AlphaX	MdEditor	Format	alpha_x	md-editor-alpha-x	F0B05	E	md
AlphaXBox	MdEditor	Format	alpha_x_box	md-editor-alpha-x-box	F0B1F	E	md
AlphaXBoxOutline	MdEditor	Format	alpha_x_box_outline	md-editor-alpha-x-box-outline	F0C30	E	md
AlphaXCircle	MdEditor	Format	alpha_x_circle	md-editor-alpha-x-circle	F0C31	E	md
AlphaXCircleOutline	MdEditor	Format	alpha_x_circle_outline	md-editor-alpha-x-circle-outline	F0C32	E	md
AlphaY	MdEditor	Format	alpha_y	md-editor-alpha-y	F0B06	E	md
AlphaYBox	MdEditor	Format	alpha_y_box	md-editor-alpha-y-box	F0B20	E	md
AlphaYBoxOutline	MdEditor	Format	alpha_y_box_outline	md-editor-alpha-y-box-outline	F0C33	E	md
AlphaYCircle	MdEditor	Format	alpha_y_circle	md-editor-alpha-y-circle	F0C34	E	md
AlphaYCircleOutline	MdEditor	Format	alpha_y_circle_outline	md-editor-alpha-y-circle-outline	F0C35	E	md
AlphaZ	MdEditor	Format	alpha_z	md-editor-alpha-z	F0B07	E	md
AlphaZBox	MdEditor	Format	alpha_z_box	md-editor-alpha-z-box	F0B21	E	md
AlphaZBoxOutline	MdEditor	Format	alpha_z_box_outline	md-editor-alpha-z-box-outline	F0C36	E	md
AlphaZCircle	MdEditor	Format	alpha_z_circle	md-editor-alpha-z-circle	F0C37	E	md
AlphaZCircleOutline	MdEditor	Format	alpha_z_circle_outline	md-editor-alpha-z-circle-outline	F0C38	E	md
FormatAlignBottom	MdEditor	Format	format_align_bottom	md-editor-format-align-bottom	F0753	E	md
FormatAlignCenter	MdEditor	Format	format_align_center	md-editor-format-align-center	F0260	E	md
FormatAlignJustify	MdEditor	Format	format_align_justify	md-editor-format-align-justify	F0261	E	md
FormatAlignLeft	MdEditor	Format	format_align_left	md-editor-format-align-left	F0262	E	md
FormatAlignMiddle	MdEditor	Format	format_align_middle	md-editor-format-align-middle	F0754	E	md
FormatAlignRight	MdEditor	Format	format_align_right	md-editor-format-align-right	F0263	E	md
FormatAlignTop	MdEditor	Format	format_align_top	md-editor-format-align-top	F0755	E	md
FormatAnnotationMinus	MdEditor	Format	format_annotation_minus	md-editor-format-annotation-minus	F0ABC	E	md
FormatAnnotationPlus	MdEditor	Format	format_annotation_plus	md-editor-format-annotation-plus	F0646	E	md
FormatBold	MdEditor	Format	format_bold	md-editor-format-bold	F0264	E	md
FormatClear	MdEditor	Format	format_clear	md-editor-format-clear	F0265	E	md
FormatColorFill	MdEditor	Format	format_color_fill	md-editor-format-color-fill	F0266	E	md
FormatColorHighlight	MdEditor	Format	format_color_highlight	md-editor-format-color-highlight	F0E31	E	md
FormatColorMarkerCancel	MdEditor	Format	format_color_marker_cancel	md-editor-format-color-marker-cancel	F1313	E	md
FormatColorText	MdEditor	Format	format_color_text	md-editor-format-color-text	F069E	E	md
FormatColumns	MdEditor	Format	format_columns	md-editor-format-columns	F08DF	E	md
FormatFloatCenter	MdEditor	Format	format_float_center	md-editor-format-float-center	F0267	E	md
FormatFloatLeft	MdEditor	Format	format_float_left	md-editor-format-float-left	F0268	E	md
FormatFloatNone	MdEditor	Format	format_float_none	md-editor-format-float-none	F0269	E	md
FormatFloatRight	MdEditor	Format	format_float_right	md-editor-format-float-right	F026A	E	md
FormatFont	MdEditor	Format	format_font	md-editor-format-font	F06D6	E	md
FormatFontSizeDecrease	MdEditor	Format	format_font_size_decrease	md-editor-format-font-size-decrease	F09F3	E	md
FormatFontSizeIncrease	MdEditor	Format	format_font_size_increase	md-editor-format-font-size-increase	F09F4	E	md
FormatHeader1	MdEditor	Format	format_header_1	md-editor-format-header-1	F026B	E	md
FormatHeader2	MdEditor	Format	format_header_2	md-editor-format-header-2	F026C	E	md
FormatHeader3	MdEditor	Format	format_header_3	md-editor-format-header-3	F026D	E	md
FormatHeader4	MdEditor	Format	format_header_4	md-editor-format-header-4	F026E	E	md
FormatHeader5	MdEditor	Format	format_header_5	md-editor-format-header-5	F026F	E	md
FormatHeader6	MdEditor	Format	format_header_6	md-editor-format-header-6	F0270	E	md
FormatHeaderDecrease	MdEditor	Format	format_header_decrease	md-editor-format-header-decrease	F0271	E	md
FormatHeaderEqual	MdEditor	Format	format_header_equal	md-editor-format-header-equal	F0272	E	md
FormatHeaderIncrease	MdEditor	Format	format_header_increase	md-editor-format-header-increase	F0273	E	md
FormatHeaderPound	MdEditor	Format	format_header_pound	md-editor-format-header-pound	F0274	E	md
FormatHorizontalAlignCenter	MdEditor	Format	format_horizontal_align_center	md-editor-format-horizontal-align-center	F061E	E	md
FormatHorizontalAlignLeft	MdEditor	Format	format_horizontal_align_left	md-editor-format-horizontal-align-left	F061F	E	md
FormatHorizontalAlignRight	MdEditor	Format	format_horizontal_align_right	md-editor-format-horizontal-align-right	F0620	E	md
FormatIndentDecrease	MdEditor	Format	format_indent_decrease	md-editor-format-indent-decrease	F0275	E	md
FormatIndentIncrease	MdEditor	Format	format_indent_increase	md-editor-format-indent-increase	F0276	E	md
FormatItalic	MdEditor	Format	format_italic	md-editor-format-italic	F0277	E	md
FormatLetterCase	MdEditor	Format	format_letter_case	md-editor-format-letter-case	F0B34	E	md
FormatLetterCaseLower	MdEditor	Format	format_letter_case_lower	md-editor-format-letter-case-lower	F0B35	E	md
FormatLetterCaseUpper	MdEditor	Format	format_letter_case_upper	md-editor-format-letter-case-upper	F0B36	E	md
FormatLetterEndsWith	MdEditor	Format	format_letter_ends_with	md-editor-format-letter-ends-with	F0FB8	E	md
FormatLetterMatches	MdEditor	Format	format_letter_matches	md-editor-format-letter-matches	F0FB9	E	md
FormatLetterSpacing	MdEditor	Format	format_letter_spacing	md-editor-format-letter-spacing	F1956	E	md
FormatLetterStartsWith	MdEditor	Format	format_letter_starts_with	md-editor-format-letter-starts-with	F0FBA	E	md
FormatLineSpacing	MdEditor	Format	format_line_spacing	md-editor-format-line-spacing	F0278	E	md
FormatLineStyle	MdEditor	Format	format_line_style	md-editor-format-line-style	F05C8	E	md
FormatLineWeight	MdEditor	Format	format_line_weight	md-editor-format-line-weight	F05C9	E	md
FormatListBulleted	MdEditor	Format	format_list_bulleted	md-editor-format-list-bulleted	F0279	E	md
FormatListBulletedSquare	MdEditor	Format	format_list_bulleted_square	md-editor-format-list-bulleted-square	F0DD0	E	md
FormatListBulletedTriangle	MdEditor	Format	format_list_bulleted_triangle	md-editor-format-list-bulleted-triangle	F0EB2	E	md
FormatListBulletedType	MdEditor	Format	format_list_bulleted_type	md-editor-format-list-bulleted-type	F027A	E	md
FormatListCheckbox	MdEditor	Format	format_list_checkbox	md-editor-format-list-checkbox	F096A	E	md
FormatListChecks	MdEditor	Format	format_list_checks	md-editor-format-list-checks	F0756	E	md
FormatListGroup	MdEditor	Format	format_list_group	md-editor-format-list-group	F1860	E	md
FormatListNumbered	MdEditor	Format	format_list_numbered	md-editor-format-list-numbered	F027B	E	md
FormatListNumberedRtl	MdEditor	Format	format_list_numbered_rtl	md-editor-format-list-numbered-rtl	F0D0D	E	md
FormatListText	MdEditor	Format	format_list_text	md-editor-format-list-text	F126F	E	md
FormatOverline	MdEditor	Format	format_overline	md-editor-format-overline	F0EB3	E	md
FormatPageBreak	MdEditor	Format	format_page_break	md-editor-format-page-break	F06D7	E	md
FormatPageSplit	MdEditor	Format	format_page_split	md-editor-format-page-split	F1917	E	md
FormatPaint	MdEditor	Format	format_paint	md-editor-format-paint	F027C	E	md
FormatParagraph	MdEditor	Format	format_paragraph	md-editor-format-paragraph	F027D	E	md
FormatPilcrow	MdEditor	Format	format_pilcrow	md-editor-format-pilcrow	F06D8	E	md
FormatQuoteClose	MdEditor	Format	format_quote_close	md-editor-format-quote-close	F027E	E	md
FormatQuoteCloseOutline	MdEditor	Format	format_quote_close_outline	md-editor-format-quote-close-outline	F11A8	E	md
FormatQuoteOpen	MdEditor	Format	format_quote_open	md-editor-format-quote-open	F0757	E	md
FormatQuoteOpenOutline	MdEditor	Format	format_quote_open_outline	md-editor-format-quote-open-outline	F11A7	E	md
FormatRotate90	MdEditor	Format	format_rotate_90	md-editor-format-rotate-90	F06AA	E	md
FormatSection	MdEditor	Format	format_section	md-editor-format-section	F069F	E	md
FormatSize	MdEditor	Format	format_size	md-editor-format-size	F027F	E	md
FormatStrikethrough	MdEditor	Format	format_strikethrough	md-editor-format-strikethrough	F0280	E	md
FormatStrikethroughVariant	MdEditor	Format	format_strikethrough_variant	md-editor-format-strikethrough-variant	F0281	E	md
FormatSubscript	MdEditor	Format	format_subscript	md-editor-format-subscript	F0282	E	md
FormatSuperscript	MdEditor	Format	format_superscript	md-editor-format-superscript	F0283	E	md
FormatText	MdEditor	Format	format_text	md-editor-format-text	F0284	E	md
FormatTextRotationAngleDown	MdEditor	Format	format_text_rotation_angle_down	md-editor-format-text-rotation-angle-down	F0FBB	E	md
FormatTextRotationAngleUp	MdEditor	Format	format_text_rotation_angle_up	md-editor-format-text-rotation-angle-up	F0FBC	E	md
FormatTextRotationDown	MdEditor	Format	format_text_rotation_down	md-editor-format-text-rotation-down	F0D73	E	md
FormatTextRotationDownVertical	MdEditor	Format	format_text_rotation_down_vertical	md-editor-format-text-rotation-down-vertical	F0FBD	E	md
FormatTextRotationNone	MdEditor	Format	format_text_rotation_none	md-editor-format-text-rotation-none	F0D74	E	md
FormatTextRotationUp	MdEditor	Format	format_text_rotation_up	md-editor-format-text-rotation-up	F0FBE	E	md
FormatTextRotationVertical	MdEditor	Format	format_text_rotation_vertical	md-editor-format-text-rotation-vertical	F0FBF	E	md
FormatTextVariant	MdEditor	Format	format_text_variant	md-editor-format-text-variant	F0E32	E	md
FormatTextVariantOutline	MdEditor	Format	format_text_variant_outline	md-editor-format-text-variant-outline	F150F	E	md
FormatTextWrappingClip	MdEditor	Format	format_text_wrapping_clip	md-editor-format-text-wrapping-clip	F0D0E	E	md
FormatTextWrappingOverflow	MdEditor	Format	format_text_wrapping_overflow	md-editor-format-text-wrapping-overflow	F0D0F	E	md
FormatTextWrappingWrap	MdEditor	Format	format_text_wrapping_wrap	md-editor-format-text-wrapping-wrap	F0D10	E	md
FormatTextbox	MdEditor	Format	format_textbox	md-editor-format-textbox	F0D11	E	md
FormatTextdirectionLToR	MdEditor	Format	format_textdirection_l_to_r	md-editor-format-textdirection-l-to-r	F0285	E	md
FormatTextdirectionRToL	MdEditor	Format	format_textdirection_r_to_l	md-editor-format-textdirection-r-to-l	F0286	E	md
FormatTitle	MdEditor	Format	format_title	md-editor-format-title	F05F4	E	md
FormatUnderline	MdEditor	Format	format_underline	md-editor-format-underline	F0287	E	md
FormatUnderlineWavy	MdEditor	Format	format_underline_wavy	md-editor-format-underline-wavy	F18E9	E	md
FormatVerticalAlignBottom	MdEditor	Format	format_vertical_align_bottom	md-editor-format-vertical-align-bottom	F0621	E	md
FormatVerticalAlignCenter	MdEditor	Format	format_vertical_align_center	md-editor-format-vertical-align-center	F0622	E	md
FormatVerticalAlignTop	MdEditor	Format	format_vertical_align_top	md-editor-format-vertical-align-top	F0623	E	md
FormatWrapInline	MdEditor	Format	format_wrap_inline	md-editor-format-wrap-inline	F0288	E	md
FormatWrapSquare	MdEditor	Format	format_wrap_square	md-editor-format-wrap-square	F0289	E	md
FormatWrapTight	MdEditor	Format	format_wrap_tight	md-editor-format-wrap-tight	F028A	E	md
FormatWrapTopBottom	MdEditor	Format	format_wrap_top_bottom	md-editor-format-wrap-top-bottom	F028B	E	md
Numeric	MdEditor	Format	numeric	md-editor-numeric	F03A0	E	md
Numeric0Box	MdEditor	Format	numeric_0_box	md-editor-numeric-0-box	F03A1	E	md
Numeric0BoxMultiple	MdEditor	Format	numeric_0_box_multiple	md-editor-numeric-0-box-multiple	F0F0E	E	md
Numeric0BoxMultipleOutline	MdEditor	Format	numeric_0_box_multiple_outline	md-editor-numeric-0-box-multiple-outline	F03A2	E	md
Numeric0BoxOutline	MdEditor	Format	numeric_0_box_outline	md-editor-numeric-0-box-outline	F03A3	E	md
Numeric1	MdEditor	Format	numeric_1	md-editor-numeric-1	F0B3A	E	md
Numeric10	MdEditor	Format	numeric_10	md-editor-numeric-10	F0FE9	E	md
Numeric10Box	MdEditor	Format	numeric_10_box	md-editor-numeric-10-box	F0F7D	E	md
Numeric10BoxMultiple	MdEditor	Format	numeric_10_box_multiple	md-editor-numeric-10-box-multiple	F0FEA	E	md
Numeric10BoxMultipleOutline	MdEditor	Format	numeric_10_box_multiple_outline	md-editor-numeric-10-box-multiple-outline	F0FEB	E	md
Numeric10BoxOutline	MdEditor	Format	numeric_10_box_outline	md-editor-numeric-10-box-outline	F0F7E	E	md
Numeric10Circle	MdEditor	Format	numeric_10_circle	md-editor-numeric-10-circle	F0FEC	E	md
Numeric10CircleOutline	MdEditor	Format	numeric_10_circle_outline	md-editor-numeric-10-circle-outline	F0FED	E	md
Numeric1Box	MdEditor	Format	numeric_1_box	md-editor-numeric-1-box	F03A4	E	md
Numeric1BoxMultiple	MdEditor	Format	numeric_1_box_multiple	md-editor-numeric-1-box-multiple	F0F0F	E	md
Numeric1BoxMultipleOutline	MdEditor	Format	numeric_1_box_multiple_outline	md-editor-numeric-1-box-multiple-outline	F03A5	E	md
Numeric1BoxOutline	MdEditor	Format	numeric_1_box_outline	md-editor-numeric-1-box-outline	F03A6	E	md
Numeric1Circle	MdEditor	Format	numeric_1_circle	md-editor-numeric-1-circle	F0CA0	E	md
Numeric1CircleOutline	MdEditor	Format	numeric_1_circle_outline	md-editor-numeric-1-circle-outline	F0CA1	E	md
Numeric2	MdEditor	Format	numeric_2	md-editor-numeric-2	F0B3B	E	md
Numeric2Box	MdEditor	Format	numeric_2_box	md-editor-numeric-2-box	F03A7	E	md
Numeric2BoxMultiple	MdEditor	Format	numeric_2_box_multiple	md-editor-numeric-2-box-multiple	F0F10	E	md
Numeric2BoxMultipleOutline	MdEditor	Format	numeric_2_box_multiple_outline	md-editor-numeric-2-box-multiple-outline	F03A8	E	md
Numeric2BoxOutline	MdEditor	Format	numeric_2_box_outline	md-editor-numeric-2-box-outline	F03A9	E	md
Numeric2Circle	MdEditor	Format	numeric_2_circle	md-editor-numeric-2-circle	F0CA2	E	md
Numeric2CircleOutline	MdEditor	Format	numeric_2_circle_outline	md-editor-numeric-2-circle-outline	F0CA3	E	md
Numeric3	MdEditor	Format	numeric_3	md-editor-numeric-3	F0B3C	E	md
Numeric3Box	MdEditor	Format	numeric_3_box	md-editor-numeric-3-box	F03AA	E	md
Numeric3BoxMultiple	MdEditor	Format	numeric_3_box_multiple	md-editor-numeric-3-box-multiple	F0F11	E	md
Numeric3BoxMultipleOutline	MdEditor	Format	numeric_3_box_multiple_outline	md-editor-numeric-3-box-multiple-outline	F03AB	E	md
Numeric3BoxOutline	MdEditor	Format	numeric_3_box_outline	md-editor-numeric-3-box-outline	F03AC	E	md
Numeric3Circle	MdEditor	Format	numeric_3_circle	md-editor-numeric-3-circle	F0CA4	E	md
Numeric3CircleOutline	MdEditor	Format	numeric_3_circle_outline	md-editor-numeric-3-circle-outline	F0CA5	E	md
Numeric4	MdEditor	Format	numeric_4	md-editor-numeric-4	F0B3D	E	md
Numeric4Box	MdEditor	Format	numeric_4_box	md-editor-numeric-4-box	F03AD	E	md
Numeric4BoxMultiple	MdEditor	Format	numeric_4_box_multiple	md-editor-numeric-4-box-multiple	F0F12	E	md
Numeric4BoxMultipleOutline	MdEditor	Format	numeric_4_box_multiple_outline	md-editor-numeric-4-box-multiple-outline	F03B2	E	md
Numeric4BoxOutline	MdEditor	Format	numeric_4_box_outline	md-editor-numeric-4-box-outline	F03AE	E	md
Numeric4Circle	MdEditor	Format	numeric_4_circle	md-editor-numeric-4-circle	F0CA6	E	md
Numeric4CircleOutline	MdEditor	Format	numeric_4_circle_outline	md-editor-numeric-4-circle-outline	F0CA7	E	md
Numeric5	MdEditor	Format	numeric_5	md-editor-numeric-5	F0B3E	E	md
Numeric5Box	MdEditor	Format	numeric_5_box	md-editor-numeric-5-box	F03B1	E	md
Numeric5BoxMultiple	MdEditor	Format	numeric_5_box_multiple	md-editor-numeric-5-box-multiple	F0F13	E	md
Numeric5BoxMultipleOutline	MdEditor	Format	numeric_5_box_multiple_outline	md-editor-numeric-5-box-multiple-outline	F03AF	E	md
Numeric5BoxOutline	MdEditor	Format	numeric_5_box_outline	md-editor-numeric-5-box-outline	F03B0	E	md
Numeric5Circle	MdEditor	Format	numeric_5_circle	md-editor-numeric-5-circle	F0CA8	E	md
Numeric5CircleOutline	MdEditor	Format	numeric_5_circle_outline	md-editor-numeric-5-circle-outline	F0CA9	E	md
Numeric6	MdEditor	Format	numeric_6	md-editor-numeric-6	F0B3F	E	md
Numeric6Box	MdEditor	Format	numeric_6_box	md-editor-numeric-6-box	F03B3	E	md
Numeric6BoxMultiple	MdEditor	Format	numeric_6_box_multiple	md-editor-numeric-6-box-multiple	F0F14	E	md
Numeric6BoxMultipleOutline	MdEditor	Format	numeric_6_box_multiple_outline	md-editor-numeric-6-box-multiple-outline	F03B4	E	md
Numeric6BoxOutline	MdEditor	Format	numeric_6_box_outline	md-editor-numeric-6-box-outline	F03B5	E	md
Numeric6Circle	MdEditor	Format	numeric_6_circle	md-editor-numeric-6-circle	F0CAA	E	md
Numeric6CircleOutline	MdEditor	Format	numeric_6_circle_outline	md-editor-numeric-6-circle-outline	F0CAB	E	md
Numeric7	MdEditor	Format	numeric_7	md-editor-numeric-7	F0B40	E	md
Numeric7Box	MdEditor	Format	numeric_7_box	md-editor-numeric-7-box	F03B6	E	md
Numeric7BoxMultiple	MdEditor	Format	numeric_7_box_multiple	md-editor-numeric-7-box-multiple	F0F15	E	md
Numeric7BoxMultipleOutline	MdEditor	Format	numeric_7_box_multiple_outline	md-editor-numeric-7-box-multiple-outline	F03B7	E	md
Numeric7BoxOutline	MdEditor	Format	numeric_7_box_outline	md-editor-numeric-7-box-outline	F03B8	E	md
Numeric7Circle	MdEditor	Format	numeric_7_circle	md-editor-numeric-7-circle	F0CAC	E	md
Numeric7CircleOutline	MdEditor	Format	numeric_7_circle_outline	md-editor-numeric-7-circle-outline	F0CAD	E	md
Numeric8	MdEditor	Format	numeric_8	md-editor-numeric-8	F0B41	E	md
Numeric8Box	MdEditor	Format	numeric_8_box	md-editor-numeric-8-box	F03B9	E	md
Numeric8BoxMultiple	MdEditor	Format	numeric_8_box_multiple	md-editor-numeric-8-box-multiple	F0F16	E	md
Numeric8BoxMultipleOutline	MdEditor	Format	numeric_8_box_multiple_outline	md-editor-numeric-8-box-multiple-outline	F03BA	E	md
Numeric8BoxOutline	MdEditor	Format	numeric_8_box_outline	md-editor-numeric-8-box-outline	F03BB	E	md
Numeric8Circle	MdEditor	Format	numeric_8_circle	md-editor-numeric-8-circle	F0CAE	E	md
Numeric8CircleOutline	MdEditor	Format	numeric_8_circle_outline	md-editor-numeric-8-circle-outline	F0CAF	E	md
Numeric9	MdEditor	Format	numeric_9	md-editor-numeric-9	F0B42	E	md
Numeric9Box	MdEditor	Format	numeric_9_box	md-editor-numeric-9-box	F03BC	E	md
Numeric9BoxMultiple	MdEditor	Format	numeric_9_box_multiple	md-editor-numeric-9-box-multiple	F0F17	E	md
Numeric9BoxMultipleOutline	MdEditor	Format	numeric_9_box_multiple_outline	md-editor-numeric-9-box-multiple-outline	F03BD	E	md
Numeric9BoxOutline	MdEditor	Format	numeric_9_box_outline	md-editor-numeric-9-box-outline	F03BE	E	md
Numeric9Circle	MdEditor	Format	numeric_9_circle	md-editor-numeric-9-circle	F0CB0	E	md
Numeric9CircleOutline	MdEditor	Format	numeric_9_circle_outline	md-editor-numeric-9-circle-outline	F0CB1	E	md
Numeric9Plus	MdEditor	Format	numeric_9_plus	md-editor-numeric-9-plus	F0FEE	E	md
Numeric9PlusBox	MdEditor	Format	numeric_9_plus_box	md-editor-numeric-9-plus-box	F03BF	E	md
Numeric9PlusBoxMultiple	MdEditor	Format	numeric_9_plus_box_multiple	md-editor-numeric-9-plus-box-multiple	F0F18	E	md
Numeric9PlusBoxMultipleOutline	MdEditor	Format	numeric_9_plus_box_multiple_outline	md-editor-numeric-9-plus-box-multiple-outline	F03C0	E	md
Numeric9PlusBoxOutline	MdEditor	Format	numeric_9_plus_box_outline	md-editor-numeric-9-plus-box-outline	F03C1	E	md
Numeric9PlusCircle	MdEditor	Format	numeric_9_plus_circle	md-editor-numeric-9-plus-circle	F0CB2	E	md
Numeric9PlusCircleOutline	MdEditor	Format	numeric_9_plus_circle_outline	md-editor-numeric-9-plus-circle-outline	F0CB3	E	md
NumericNegative1	MdEditor	Format	numeric_negative_1	md-editor-numeric-negative-1	F1052	E	md
NumericOff	MdEditor	Format	numeric_off	md-editor-numeric-off	F19D3	E	md
NumericPositive1	MdEditor	Format	numeric_positive_1	md-editor-numeric-positive-1	F15CB	E	md
Text	MdEditor	Format	text	md-editor-text	F09A8	E	md
TextAccount	MdEditor	Format	text_account	md-editor-text-account	F1570	E	md
TextBox	MdEditor	Format	text_box	md-editor-text-box	F021A	E	md
TextBoxCheck	MdEditor	Format	text_box_check	md-editor-text-box-check	F0EA6	E	md
TextBoxCheckOutline	MdEditor	Format	text_box_check_outline	md-editor-text-box-check-outline	F0EA7	E	md
TextBoxEdit	MdEditor	Format	text_box_edit	md-editor-text-box-edit	F1A7C	E	md
TextBoxEditOutline	MdEditor	Format	text_box_edit_outline	md-editor-text-box-edit-outline	F1A7D	E	md
TextBoxMinus	MdEditor	Format	text_box_minus	md-editor-text-box-minus	F0EA8	E	md
TextBoxMinusOutline	MdEditor	Format	text_box_minus_outline	md-editor-text-box-minus-outline	F0EA9	E	md
TextBoxMultiple	MdEditor	Format	text_box_multiple	md-editor-text-box-multiple	F0AB7	E	md
TextBoxMultipleOutline	MdEditor	Format	text_box_multiple_outline	md-editor-text-box-multiple-outline	F0AB8	E	md
TextBoxOutline	MdEditor	Format	text_box_outline	md-editor-text-box-outline	F09ED	E	md
TextBoxPlus	MdEditor	Format	text_box_plus	md-editor-text-box-plus	F0EAA	E	md
TextBoxPlusOutline	MdEditor	Format	text_box_plus_outline	md-editor-text-box-plus-outline	F0EAB	E	md
TextBoxRemove	MdEditor	Format	text_box_remove	md-editor-text-box-remove	F0EAC	E	md
TextBoxRemoveOutline	MdEditor	Format	text_box_remove_outline	md-editor-text-box-remove-outline	F0EAD	E	md
TextBoxSearch	MdEditor	Format	text_box_search	md-editor-text-box-search	F0EAE	E	md
TextBoxSearchOutline	MdEditor	Format	text_box_search_outline	md-editor-text-box-search-outline	F0EAF	E	md
TextLong	MdEditor	Format	text_long	md-editor-text-long	F09AA	E	md
TextRecognition	MdEditor	Format	text_recognition	md-editor-text-recognition	F113D	E	md
TextSearch	MdEditor	Format	text_search	md-editor-text-search	F13B8	E	md
TextSearchVariant	MdEditor	Format	text_search_variant	md-editor-text-search-variant	F1A7E	E	md
TextShadow	MdEditor	Format	text_shadow	md-editor-text-shadow	F0669	E	md
TextShort	MdEditor	Format	text_short	md-editor-text-short	F09A9	E	md
TextToSpeech	MdEditor	Format	text_to_speech	md-editor-text-to-speech	F050A	E	md
TextToSpeechOff	MdEditor	Format	text_to_speech_off	md-editor-text-to-speech-off	F050B	E	md
AbTesting	MdEditor	Misc	ab_testing	md-editor-ab-testing	F01C9	E	md
Abacus	MdEditor	Misc	abacus	md-editor-abacus	F16E0	E	md
AbjadArabic	MdEditor	Misc	abjad_arabic	md-editor-abjad-arabic	F1328	E	md
AbjadHebrew	MdEditor	Misc	abjad_hebrew	md-editor-abjad-hebrew	F1329	E	md
AbugidaDevanagari	MdEditor	Misc	abugida_devanagari	md-editor-abugida-devanagari	F132A	E	md
AbugidaThai	MdEditor	Misc	abugida_thai	md-editor-abugida-thai	F132B	E	md
Adjust	MdEditor	Misc	adjust	md-editor-adjust	F001A	E	md
AlignHorizontalCenter	MdEditor	Misc	align_horizontal_center	md-editor-align-horizontal-center	F11C3	E	md
AlignHorizontalDistribute	MdEditor	Misc	align_horizontal_distribute	md-editor-align-horizontal-distribute	F1962	E	md
AlignHorizontalLeft	MdEditor	Misc	align_horizontal_left	md-editor-align-horizontal-left	F11C2	E	md
AlignHorizontalRight	MdEditor	Misc	align_horizontal_right	md-editor-align-horizontal-right	F11C4	E	md
AlignVerticalBottom	MdEditor	Misc	align_vertical_bottom	md-editor-align-vertical-bottom	F11C5	E	md
AlignVerticalCenter	MdEditor	Misc	align_vertical_center	md-editor-align-vertical-center	F11C6	E	md
AlignVerticalDistribute	MdEditor	Misc	align_vertical_distribute	md-editor-align-vertical-distribute	F1963	E	md
AlignVerticalTop	MdEditor	Misc	align_vertical_top	md-editor-align-vertical-top	F11C7	E	md
AlphabetAurebesh	MdEditor	Misc	alphabet_aurebesh	md-editor-alphabet-aurebesh	F132C	E	md
AlphabetCyrillic	MdEditor	Misc	alphabet_cyrillic	md-editor-alphabet-cyrillic	F132D	E	md
AlphabetGreek	MdEditor	Misc	alphabet_greek	md-editor-alphabet-greek	F132E	E	md
AlphabetLatin	MdEditor	Misc	alphabet_latin	md-editor-alphabet-latin	F132F	E	md
AlphabetPiqad	MdEditor	Misc	alphabet_piqad	md-editor-alphabet-piqad	F1330	E	md
AlphabetTengwar	MdEditor	Misc	alphabet_tengwar	md-editor-alphabet-tengwar	F1337	E	md
Alphabetical	MdEditor	Misc	alphabetical	md-editor-alphabetical	F002C	E	md
AlphabeticalOff	MdEditor	Misc	alphabetical_off	md-editor-alphabetical-off	F100C	E	md
AlphabeticalVariant	MdEditor	Misc	alphabetical_variant	md-editor-alphabetical-variant	F100D	E	md
AlphabeticalVariantOff	MdEditor	Misc	alphabetical_variant_off	md-editor-alphabetical-variant-off	F100E	E	md
Ampersand	MdEditor	Misc	ampersand	md-editor-ampersand	F0A8D	E	md
Animation	MdEditor	Misc	animation	md-editor-animation	F05D8	E	md
AnimationOutline	MdEditor	Misc	animation_outline	md-editor-animation-outline	F0A8F	E	md
AnimationPlay	MdEditor	Misc	animation_play	md-editor-animation-play	F093A	E	md
AnimationPlayOutline	MdEditor	Misc	animation_play_outline	md-editor-animation-play-outline	F0A90	E	md
Api	MdEditor	Misc	api	md-editor-api	F109B	E	md
ApiOff	MdEditor	Misc	api_off	md-editor-api-off	F1257	E	md
Application	MdEditor	Misc	application	md-editor-application	F08C6	E	md
ApplicationArray	MdEditor	Misc	application_array	md-editor-application-array	F10F5	E	md
ApplicationArrayOutline	MdEditor	Misc	application_array_outline	md-editor-application-array-outline	F10F6	E	md
ApplicationBraces	MdEditor	Misc	application_braces	md-editor-application-braces	F10F7	E	md
ApplicationBracesOutline	MdEditor	Misc	application_braces_outline	md-editor-application-braces-outline	F10F8	E	md
ApplicationBrackets	MdEditor	Misc	application_brackets	md-editor-application-brackets	F0C8B	E	md
ApplicationBracketsOutline	MdEditor	Misc	application_brackets_outline	md-editor-application-brackets-outline	F0C8C	E	md
ApplicationCog	MdEditor	Misc	application_cog	md-editor-application-cog	F0675	E	md
ApplicationCogOutline	MdEditor	Misc	application_cog_outline	md-editor-application-cog-outline	F1577	E	md
ApplicationEdit	MdEditor	Misc	application_edit	md-editor-application-edit	F00AE	E	md
ApplicationEditOutline	MdEditor	Misc	application_edit_outline	md-editor-application-edit-outline	F0619	E	md
ApplicationExport	MdEditor	Misc	application_export	md-editor-application-export	F0DAD	E	md
ApplicationImport	MdEditor	Misc	application_import	md-editor-application-import	F0DAE	E	md
ApplicationOutline	MdEditor	Misc	application_outline	md-editor-application-outline	F0614	E	md
ApplicationParentheses	MdEditor	Misc	application_parentheses	md-editor-application-parentheses	F10F9	E	md
ApplicationParenthesesOutline	MdEditor	Misc	application_parentheses_outline	md-editor-application-parentheses-outline	F10FA	E	md
ApplicationSettings	MdEditor	Misc	application_settings	md-editor-application-settings	F0B60	E	md
ApplicationSettingsOutline	MdEditor	Misc	application_settings_outline	md-editor-application-settings-outline	F1555	E	md
ApplicationVariable	MdEditor	Misc	application_variable	md-editor-application-variable	F10FB	E	md
ApplicationVariableOutline	MdEditor	Misc	application_variable_outline	md-editor-application-variable-outline	F10FC	E	md
ApproximatelyEqual	MdEditor	Misc	approximately_equal	md-editor-approximately-equal	F0F9E	E	md
ApproximatelyEqualBox	MdEditor	Misc	approximately_equal_box	md-editor-approximately-equal-box	F0F9F	E	md
Apps	MdEditor	Misc	apps	md-editor-apps	F003B	E	md
AppsBox	MdEditor	Misc	apps_box	md-editor-apps-box	F0D46	E	md
ArrangeBringForward	MdEditor	Misc	arrange_bring_forward	md-editor-arrange-bring-forward	F003D	E	md
ArrangeBringToFront	MdEditor	Misc	arrange_bring_to_front	md-editor-arrange-bring-to-front	F003E	E	md
ArrangeSendBackward	MdEditor	Misc	arrange_send_backward	md-editor-arrange-send-backward	F003F	E	md
ArrangeSendToBack	MdEditor	Misc	arrange_send_to_back	md-editor-arrange-send-to-back	F0040	E	md
Asterisk	MdEditor	Misc	asterisk	md-editor-asterisk	F06C4	E	md
AsteriskCircleOutline	MdEditor	Misc	asterisk_circle_outline	md-editor-asterisk-circle-outline	F1A27	E	md
AugmentedReality	MdEditor	Misc	augmented_reality	md-editor-augmented-reality	F0850	E	md
Autorenew	MdEditor	Misc	autorenew	md-editor-autorenew	F006A	E	md
AutorenewOff	MdEditor	Misc	autorenew_off	md-editor-autorenew-off	F19E7	E	md
Backspace	MdEditor	Misc	backspace	md-editor-backspace	F006E	E	md
BackspaceOutline	MdEditor	Misc	backspace_outline	md-editor-backspace-outline	F0B5C	E	md
BackspaceReverse	MdEditor	Misc	backspace_reverse	md-editor-backspace-reverse	F0E7E	E	md
BackspaceReverseOutline	MdEditor	Misc	backspace_reverse_outline	md-editor-backspace-reverse-outline	F0E7F	E	md
BackupRestore	MdEditor	Misc	backup_restore	md-editor-backup-restore	F006F	E	md
BadgeAccount	MdEditor	Misc	badge_account	md-editor-badge-account	F0DA7	E	md
BadgeAccountAlert	MdEditor	Misc	badge_account_alert	md-editor-badge-account-alert	F0DA8	E	md
BadgeAccountAlertOutline	MdEditor	Misc	badge_account_alert_outline	md-editor-badge-account-alert-outline	F0DA9	E	md
BadgeAccountHorizontal	MdEditor	Misc	badge_account_horizontal	md-editor-badge-account-horizontal	F0E0D	E	md
BadgeAccountHorizontalOutline	MdEditor	Misc	badge_account_horizontal_outline	md-editor-badge-account-horizontal-outline	F0E0E	E	md
BadgeAccountOutline	MdEditor	Misc	badge_account_outline	md-editor-badge-account-outline	F0DAA	E	md
Barcode	MdEditor	Misc	barcode	md-editor-barcode	F0071	E	md
BarcodeOff	MdEditor	Misc	barcode_off	md-editor-barcode-off	F1236	E	md
BarcodeScan	MdEditor	Misc	barcode_scan	md-editor-barcode-scan	F0072	E	md
Beta	MdEditor	Misc	beta	md-editor-beta	F00A1	E	md
Blur	MdEditor	Misc	blur	md-editor-blur	F00B5	E	md
BlurLinear	MdEditor	Misc	blur_linear	md-editor-blur-linear	F00B6	E	md
BlurOff	MdEditor	Misc	blur_off	md-editor-blur-off	F00B7	E	md
BlurRadial	MdEditor	Misc	blur_radial	md-editor-blur-radial	F00B8	E	md
Bolt	MdEditor	Misc	bolt	md-editor-bolt	F0DB3	E	md
BorderAll	MdEditor	Misc	border_all	md-editor-border-all	F00C7	E	md
BorderAllVariant	MdEditor	Misc	border_all_variant	md-editor-border-all-variant	F08A1	E	md
BorderBottom	MdEditor	Misc	border_bottom	md-editor-border-bottom	F00C8	E	md
BorderBottomVariant	MdEditor	Misc	border_bottom_variant	md-editor-border-bottom-variant	F08A2	E	md
BorderColor	MdEditor	Misc	border_color	md-editor-border-color	F00C9	E	md
BorderHorizontal	MdEditor	Misc	border_horizontal	md-editor-border-horizontal	F00CA	E	md
BorderInside	MdEditor	Misc	border_inside	md-editor-border-inside	F00CB	E	md
BorderLeft	MdEditor	Misc	border_left	md-editor-border-left	F00CC	E	md
BorderLeftVariant	MdEditor	Misc	border_left_variant	md-editor-border-left-variant	F08A3	E	md
BorderNone	MdEditor	Misc	border_none	md-editor-border-none	F00CD	E	md
BorderNoneVariant	MdEditor	Misc	border_none_variant	md-editor-border-none-variant	F08A4	E	md
BorderOutside	MdEditor	Misc	border_outside	md-editor-border-outside	F00CE	E	md
BorderRight	MdEditor	Misc	border_right	md-editor-border-right	F00CF	E	md
BorderRightVariant	MdEditor	Misc	border_right_variant	md-editor-border-right-variant	F08A5	E	md
BorderStyle	MdEditor	Misc	border_style	md-editor-border-style	F00D0	E	md
BorderTop	MdEditor	Misc	border_top	md-editor-border-top	F00D1	E	md
BorderTopVariant	MdEditor	Misc	border_top_variant	md-editor-border-top-variant	F08A6	E	md
BorderVertical	MdEditor	Misc	border_vertical	md-editor-border-vertical	F00D2	E	md
Braille	MdEditor	Misc	braille	md-editor-braille	F09D0	E	md
Brightness1	MdEditor	Misc	brightness_1	md-editor-brightness-1	F00DA	E	md
Brightness2	MdEditor	Misc	brightness_2	md-editor-brightness-2	F00DB	E	md
Brightness3	MdEditor	Misc	brightness_3	md-editor-brightness-3	F00DC	E	md
Brightness4	MdEditor	Misc	brightness_4	md-editor-brightness-4	F00DD	E	md
Brightness5	MdEditor	Misc	brightness_5	md-editor-brightness-5	F00DE	E	md
Brightness6	MdEditor	Misc	brightness_6	md-editor-brightness-6	F00DF	E	md
Brightness7	MdEditor	Misc	brightness_7	md-editor-brightness-7	F00E0	E	md
BrightnessAuto	MdEditor	Misc	brightness_auto	md-editor-brightness-auto	F00E1	E	md
BrightnessPercent	MdEditor	Misc	brightness_percent	md-editor-brightness-percent	F0CF2	E	md
Calculator	MdEditor	Misc	calculator	md-editor-calculator	F00EC	E	md
CalculatorVariant	MdEditor	Misc	calculator_variant	md-editor-calculator-variant	F0A9A	E	md
CalculatorVariantOutline	MdEditor	Misc	calculator_variant_outline	md-editor-calculator-variant-outline	F15A6	E	md
CardBulleted	MdEditor	Misc	card_bulleted	md-editor-card-bulleted	F0B70	E	md
CardBulletedOff	MdEditor	Misc	card_bulleted_off	md-editor-card-bulleted-off	F0B71	E	md
CardBulletedOffOutline	MdEditor	Misc	card_bulleted_off_outline	md-editor-card-bulleted-off-outline	F0B72	E	md
CardBulletedOutline	MdEditor	Misc	card_bulleted_outline	md-editor-card-bulleted-outline	F0B73	E	md
CardBulletedSettings	MdEditor	Misc	card_bulleted_settings	md-editor-card-bulleted-settings	F0B74	E	md
CardBulletedSettingsOutline	MdEditor	Misc	card_bulleted_settings_outline	md-editor-card-bulleted-settings-outline	F0B75	E	md
Check	MdEditor	Misc	check	md-editor-check	F012C	E	md
CheckAll	MdEditor	Misc	check_all	md-editor-check-all	F012D	E	md
CheckBold	MdEditor	Misc	check_bold	md-editor-check-bold	F0E1E	E	md
CheckCircle	MdEditor	Misc	check_circle	md-editor-check-circle	F05E0	E	md
CheckCircleOutline	MdEditor	Misc	check_circle_outline	md-editor-check-circle-outline	F05E1	E	md
CheckDecagram	MdEditor	Misc	check_decagram	md-editor-check-decagram	F0791	E	md
CheckDecagramOutline	MdEditor	Misc	check_decagram_outline	md-editor-check-decagram-outline	F1740	E	md
CheckNetwork	MdEditor	Misc	check_network	md-editor-check-network	F0C53	E	md
CheckNetworkOutline	MdEditor	Misc	check_network_outline	md-editor-check-network-outline	F0C54	E	md
CheckOutline	MdEditor	Misc	check_outline	md-editor-check-outline	F0855	E	md
CheckUnderline	MdEditor	Misc	check_underline	md-editor-check-underline	F0E1F	E	md
CheckUnderlineCircle	MdEditor	Misc	check_underline_circle	md-editor-check-underline-circle	F0E20	E	md
CheckUnderlineCircleOutline	MdEditor	Misc	check_underline_circle_outline	md-editor-check-underline-circle-outline	F0E21	E	md
CheckboxBlank	MdEditor	Misc	checkbox_blank	md-editor-checkbox-blank	F012E	E	md
CheckboxBlankBadge	MdEditor	Misc	checkbox_blank_badge	md-editor-checkbox-blank-badge	F1176	E	md
CheckboxBlankBadgeOutline	MdEditor	Misc	checkbox_blank_badge_outline	md-editor-checkbox-blank-badge-outline	F0117	E	md
CheckboxBlankCircle	MdEditor	Misc	checkbox_blank_circle	md-editor-checkbox-blank-circle	F012F	E	md
CheckboxBlankCircleOutline	MdEditor	Misc	checkbox_blank_circle_outline	md-editor-checkbox-blank-circle-outline	F0130	E	md
CheckboxBlankOff	MdEditor	Misc	checkbox_blank_off	md-editor-checkbox-blank-off	F12EC	E	md
CheckboxBlankOffOutline	MdEditor	Misc	checkbox_blank_off_outline	md-editor-checkbox-blank-off-outline	F12ED	E	md
CheckboxBlankOutline	MdEditor	Misc	checkbox_blank_outline	md-editor-checkbox-blank-outline	F0131	E	md
CheckboxIntermediate	MdEditor	Misc	checkbox_intermediate	md-editor-checkbox-intermediate	F0856	E	md
CheckboxMarked	MdEditor	Misc	checkbox_marked	md-editor-checkbox-marked	F0132	E	md
CheckboxMarkedCircle	MdEditor	Misc	checkbox_marked_circle	md-editor-checkbox-marked-circle	F0133	E	md
CheckboxMarkedCircleOutline	MdEditor	Misc	checkbox_marked_circle_outline	md-editor-checkbox-marked-circle-outline	F0134	E	md
CheckboxMarkedCirclePlusOutline	MdEditor	Misc	checkbox_marked_circle_plus_outline	md-editor-checkbox-marked-circle-plus-outline	F1927	E	md
CheckboxMarkedOutline	MdEditor	Misc	checkbox_marked_outline	md-editor-checkbox-marked-outline	F0135	E	md
CheckboxMultipleBlank	MdEditor	Misc	checkbox_multiple_blank	md-editor-checkbox-multiple-blank	F0136	E	md
CheckboxMultipleBlankCircle	MdEditor	Misc	checkbox_multiple_blank_circle	md-editor-checkbox-multiple-blank-circle	F063B	E	md
CheckboxMultipleBlankCircleOutline	MdEditor	Misc	checkbox_multiple_blank_circle_outline	md-editor-checkbox-multiple-blank-circle-outline	F063C	E	md
CheckboxMultipleBlankOutline	MdEditor	Misc	checkbox_multiple_blank_outline	md-editor-checkbox-multiple-blank-outline	F0137	E	md
CheckboxMultipleMarked	MdEditor	Misc	checkbox_multiple_marked	md-editor-checkbox-multiple-marked	F0138	E	md
CheckboxMultipleMarkedCircle	MdEditor	Misc	checkbox_multiple_marked_circle	md-editor-checkbox-multiple-marked-circle	F063D	E	md
CheckboxMultipleMarkedCircleOutline	MdEditor	Misc	checkbox_multiple_marked_circle_outline	md-editor-checkbox-multiple-marked-circle-outline	F063E	E	md
CheckboxMultipleMarkedOutline	MdEditor	Misc	checkbox_multiple_marked_outline	md-editor-checkbox-multiple-marked-outline	F0139	E	md
CheckboxMultipleOutline	MdEditor	Misc	checkbox_multiple_outline	md-editor-checkbox-multiple-outline	F0C51	E	md
CheckboxOutline	MdEditor	Misc	checkbox_outline	md-editor-checkbox-outline	F0C52	E	md
Checkerboard	MdEditor	Misc	checkerboard	md-editor-checkerboard	F013A	E	md
CheckerboardMinus	MdEditor	Misc	checkerboard_minus	md-editor-checkerboard-minus	F1202	E	md
CheckerboardPlus	MdEditor	Misc	checkerboard_plus	md-editor-checkerboard-plus	F1201	E	md
CheckerboardRemove	MdEditor	Misc	checkerboard_remove	md-editor-checkerboard-remove	F1203	E	md
Close	MdEditor	Misc	close	md-editor-close	F0156	E	md
CloseBox	MdEditor	Misc	close_box	md-editor-close-box	F0157	E	md
CloseBoxMultiple	MdEditor	Misc	close_box_multiple	md-editor-close-box-multiple	F0C5D	E	md
CloseBoxMultipleOutline	MdEditor	Misc	close_box_multiple_outline	md-editor-close-box-multiple-outline	F0C5E	E	md
CloseBoxOutline	MdEditor	Misc	close_box_outline	md-editor-close-box-outline	F0158	E	md
CloseCircle	MdEditor	Misc	close_circle	md-editor-close-circle	F0159	E	md
CloseCircleMultiple	MdEditor	Misc	close_circle_multiple	md-editor-close-circle-multiple	F062A	E	md
CloseCircleMultipleOutline	MdEditor	Misc	close_circle_multiple_outline	md-editor-close-circle-multiple-outline	F0883	E	md
CloseCircleOutline	MdEditor	Misc	close_circle_outline	md-editor-close-circle-outline	F015A	E	md
CloseNetwork	MdEditor	Misc	close_network	md-editor-close-network	F015B	E	md
CloseNetworkOutline	MdEditor	Misc	close_network_outline	md-editor-close-network-outline	F0C5F	E	md
CloseOctagon	MdEditor	Misc	close_octagon	md-editor-close-octagon	F015C	E	md
CloseOctagonOutline	MdEditor	Misc	close_octagon_outline	md-editor-close-octagon-outline	F015D	E	md
CloseOutline	MdEditor	Misc	close_outline	md-editor-close-outline	F06C9	E	md
CloseThick	MdEditor	Misc	close_thick	md-editor-close-thick	F1398	E	md
ClosedCaption	MdEditor	Misc	closed_caption	md-editor-closed-caption	F015E	E	md
ClosedCaptionOutline	MdEditor	Misc	closed_caption_outline	md-editor-closed-caption-outline	F0DBD	E	md
Cog	MdEditor	Misc	cog	md-editor-cog	F0493	E	md
CogBox	MdEditor	Misc	cog_box	md-editor-cog-box	F0494	E	md
CogClockwise	MdEditor	Misc	cog_clockwise	md-editor-cog-clockwise	F11DD	E	md
CogCounterclockwise	MdEditor	Misc	cog_counterclockwise	md-editor-cog-counterclockwise	F11DE	E	md
CogOff	MdEditor	Misc	cog_off	md-editor-cog-off	F13CE	E	md
CogOffOutline	MdEditor	Misc	cog_off_outline	md-editor-cog-off-outline	F13CF	E	md
CogOutline	MdEditor	Misc	cog_outline	md-editor-cog-outline	F08BB	E	md
CogPause	MdEditor	Misc	cog_pause	md-editor-cog-pause	F1933	E	md
CogPauseOutline	MdEditor	Misc	cog_pause_outline	md-editor-cog-pause-outline	F1934	E	md
CogPlay	MdEditor	Misc	cog_play	md-editor-cog-play	F1935	E	md
CogPlayOutline	MdEditor	Misc	cog_play_outline	md-editor-cog-play-outline	F1936	E	md
CogRefresh	MdEditor	Misc	cog_refresh	md-editor-cog-refresh	F145E	E	md
CogRefreshOutline	MdEditor	Misc	cog_refresh_outline	md-editor-cog-refresh-outline	F145F	E	md
CogStop	MdEditor	Misc	cog_stop	md-editor-cog-stop	F1937	E	md
CogStopOutline	MdEditor	Misc	cog_stop_outline	md-editor-cog-stop-outline	F1938	E	md
CogSync	MdEditor	Misc	cog_sync	md-editor-cog-sync	F1460	E	md
CogSyncOutline	MdEditor	Misc	cog_sync_outline	md-editor-cog-sync-outline	F1461	E	md
CogTransfer	MdEditor	Misc	cog_transfer	md-editor-cog-transfer	F105B	E	md
CogTransferOutline	MdEditor	Misc	cog_transfer_outline	md-editor-cog-transfer-outline	F105C	E	md
CollapseAll	MdEditor	Misc	collapse_all	md-editor-collapse-all	F0AA6	E	md
CollapseAllOutline	MdEditor	Misc	collapse_all_outline	md-editor-collapse-all-outline	F0AA7	E	md
Comma	MdEditor	Misc	comma	md-editor-comma	F0E23	E	md
CommaBox	MdEditor	Misc	comma_box	md-editor-comma-box	F0E2B	E	md
CommaBoxOutline	MdEditor	Misc	comma_box_outline	md-editor-comma-box-outline	F0E24	E	md
CommaCircle	MdEditor	Misc	comma_circle	md-editor-comma-circle	F0E25	E	md
CommaCircleOutline	MdEditor	Misc	comma_circle_outline	md-editor-comma-circle-outline	F0E26	E	md
Compare	MdEditor	Misc	compare	md-editor-compare	F018A	E	md
CompareHorizontal	MdEditor	Misc	compare_horizontal	md-editor-compare-horizontal	F1492	E	md
CompareRemove	MdEditor	Misc	compare_remove	md-editor-compare-remove	F18B3	E	md
CompareVertical	MdEditor	Misc	compare_vertical	md-editor-compare-vertical	F1493	E	md
Console	MdEditor	Misc	console	md-editor-console	F018D	E	md
ConsoleLine	MdEditor	Misc	console_line	md-editor-console-line	F07B7	E	md
ConsoleNetwork	MdEditor	Misc	console_network	md-editor-console-network	F08A9	E	md
ConsoleNetworkOutline	MdEditor	Misc	console_network_outline	md-editor-console-network-outline	F0C60	E	md
Contrast	MdEditor	Misc	contrast	md-editor-contrast	F0195	E	md
ContrastBox	MdEditor	Misc	contrast_box	md-editor-contrast-box	F0196	E	md
ContrastCircle	MdEditor	Misc	contrast_circle	md-editor-contrast-circle	F0197	E	md
Counter	MdEditor	Misc	counter	md-editor-counter	F0199	E	md
CursorDefault	MdEditor	Misc	cursor_default	md-editor-cursor-default	F01C0	E	md
CursorDefaultClick	MdEditor	Misc	cursor_default_click	md-editor-cursor-default-click	F0CFD	E	md
CursorDefaultClickOutline	MdEditor	Misc	cursor_default_click_outline	md-editor-cursor-default-click-outline	F0CFE	E	md
CursorDefaultGesture	MdEditor	Misc	cursor_default_gesture	md-editor-cursor-default-gesture	F1127	E	md
CursorDefaultGestureOutline	MdEditor	Misc	cursor_default_gesture_outline	md-editor-cursor-default-gesture-outline	F1128	E	md
CursorDefaultOutline	MdEditor	Misc	cursor_default_outline	md-editor-cursor-default-outline	F01BF	E	md
CursorMove	MdEditor	Misc	cursor_move	md-editor-cursor-move	F01BE	E	md
CursorPointer	MdEditor	Misc	cursor_pointer	md-editor-cursor-pointer	F01BD	E	md
CursorText	MdEditor	Misc	cursor_text	md-editor-cursor-text	F05E7	E	md
DataMatrix	MdEditor	Misc	data_matrix	md-editor-data-matrix	F153C	E	md
DataMatrixEdit	MdEditor	Misc	data_matrix_edit	md-editor-data-matrix-edit	F153D	E	md
DataMatrixMinus	MdEditor	Misc	data_matrix_minus	md-editor-data-matrix-minus	F153E	E	md
DataMatrixPlus	MdEditor	Misc	data_matrix_plus	md-editor-data-matrix-plus	F153F	E	md
DataMatrixRemove	MdEditor	Misc	data_matrix_remove	md-editor-data-matrix-remove	F1540	E	md
DataMatrixScan	MdEditor	Misc	data_matrix_scan	md-editor-data-matrix-scan	F1541	E	md
DebugStepInto	MdEditor	Misc	debug_step_into	md-editor-debug-step-into	F01B9	E	md
DebugStepOut	MdEditor	Misc	debug_step_out	md-editor-debug-step-out	F01B8	E	md
DebugStepOver	MdEditor	Misc	debug_step_over	md-editor-debug-step-over	F01B7	E	md
Delete	MdEditor	Misc	delete	md-editor-delete	F01B4	E	md
DeleteAlert	MdEditor	Misc	delete_alert	md-editor-delete-alert	F10A5	E	md
DeleteAlertOutline	MdEditor	Misc	delete_alert_outline	md-editor-delete-alert-outline	F10A6	E	md
DeleteCircle	MdEditor	Misc	delete_circle	md-editor-delete-circle	F0683	E	md
DeleteCircleOutline	MdEditor	Misc	delete_circle_outline	md-editor-delete-circle-outline	F0B88	E	md
DeleteClock	MdEditor	Misc	delete_clock	md-editor-delete-clock	F1556	E	md
DeleteClockOutline	MdEditor	Misc	delete_clock_outline	md-editor-delete-clock-outline	F1557	E	md
DeleteEmpty	MdEditor	Misc	delete_empty	md-editor-delete-empty	F06CC	E	md
DeleteEmptyOutline	MdEditor	Misc	delete_empty_outline	md-editor-delete-empty-outline	F0E9D	E	md
DeleteForever	MdEditor	Misc	delete_forever	md-editor-delete-forever	F05E8	E	md
DeleteForeverOutline	MdEditor	Misc	delete_forever_outline	md-editor-delete-forever-outline	F0B89	E	md
DeleteOff	MdEditor	Misc	delete_off	md-editor-delete-off	F10A7	E	md
DeleteOffOutline	MdEditor	Misc	delete_off_outline	md-editor-delete-off-outline	F10A8	E	md
DeleteOutline	MdEditor	Misc	delete_outline	md-editor-delete-outline	F09E7	E	md
DeleteRestore	MdEditor	Misc	delete_restore	md-editor-delete-restore	F0819	E	md
DeleteSweep	MdEditor	Misc	delete_sweep	md-editor-delete-sweep	F05E9	E	md
DeleteSweepOutline	MdEditor	Misc	delete_sweep_outline	md-editor-delete-sweep-outline	F0C62	E	md
DeleteVariant	MdEditor	Misc	delete_variant	md-editor-delete-variant	F01B3	E	md
Delta	MdEditor	Misc	delta	md-editor-delta	F01C2	E	md
Details	MdEditor	Misc	details	md-editor-details	F01C6	E	md
Directions	MdEditor	Misc	directions	md-editor-directions	F01D0	E	md
DirectionsFork	MdEditor	Misc	directions_fork	md-editor-directions-fork	F0641	E	md
DistributeHorizontalCenter	MdEditor	Misc	distribute_horizontal_center	md-editor-distribute-horizontal-center	F11C9	E	md
DistributeHorizontalLeft	MdEditor	Misc	distribute_horizontal_left	md-editor-distribute-horizontal-left	F11C8	E	md
DistributeHorizontalRight	MdEditor	Misc	distribute_horizontal_right	md-editor-distribute-horizontal-right	F11CA	E	md
DistributeVerticalBottom	MdEditor	Misc	distribute_vertical_bottom	md-editor-distribute-vertical-bottom	F11CB	E	md
DistributeVerticalCenter	MdEditor	Misc	distribute_vertical_center	md-editor-distribute-vertical-center	F11CC	E	md
DistributeVerticalTop	MdEditor	Misc	distribute_vertical_top	md-editor-distribute-vertical-top	F11CD	E	md
Division	MdEditor	Misc	division	md-editor-division	F01D4	E	md
DivisionBox	MdEditor	Misc	division_box	md-editor-division-box	F01D5	E	md
DockBottom	MdEditor	Misc	dock_bottom	md-editor-dock-bottom	F10A9	E	md
DockLeft	MdEditor	Misc	dock_left	md-editor-dock-left	F10AA	E	md
DockRight	MdEditor	Misc	dock_right	md-editor-dock-right	F10AB	E	md
DockTop	MdEditor	Misc	dock_top	md-editor-dock-top	F1513	E	md
DockWindow	MdEditor	Misc	dock_window	md-editor-dock-window	F10AC	E	md
Domain	MdEditor	Misc	domain	md-editor-domain	F01D7	E	md
DotsCircle	MdEditor	Misc	dots_circle	md-editor-dots-circle	F1978	E	md
DotsGrid	MdEditor	Misc	dots_grid	md-editor-dots-grid	F15FC	E	md
DotsHexagon	MdEditor	Misc	dots_hexagon	md-editor-dots-hexagon	F15FF	E	md
DotsHorizontal	MdEditor	Misc	dots_horizontal	md-editor-dots-horizontal	F01D8	E	md
DotsHorizontalCircle	MdEditor	Misc	dots_horizontal_circle	md-editor-dots-horizontal-circle	F07C3	E	md
DotsHorizontalCircleOutline	MdEditor	Misc	dots_horizontal_circle_outline	md-editor-dots-horizontal-circle-outline	F0B8D	E	md
DotsSquare	MdEditor	Misc	dots_square	md-editor-dots-square	F15FD	E	md
DotsTriangle	MdEditor	Misc	dots_triangle	md-editor-dots-triangle	F15FE	E	md
DotsVertical	MdEditor	Misc	dots_vertical	md-editor-dots-vertical	F01D9	E	md
DotsVerticalCircle	MdEditor	Misc	dots_vertical_circle	md-editor-dots-vertical-circle	F07C4	E	md
DotsVerticalCircleOutline	MdEditor	Misc	dots_vertical_circle_outline	md-editor-dots-vertical-circle-outline	F0B8E	E	md
Drawing	MdEditor	Misc	drawing	md-editor-drawing	F01DE	E	md
DrawingBox	MdEditor	Misc	drawing_box	md-editor-drawing-box	F01DF	E	md
ElevationDecline	MdEditor	Misc	elevation_decline	md-editor-elevation-decline	F01EB	E	md
ElevationRise	MdEditor	Misc	elevation_rise	md-editor-elevation-rise	F01EC	E	md
Ellipse	MdEditor	Misc	ellipse	md-editor-ellipse	F0EA0	E	md
EllipseOutline	MdEditor	Misc	ellipse_outline	md-editor-ellipse-outline	F0EA1	E	md
Engine	MdEditor	Misc	engine	md-editor-engine	F01FA	E	md
EngineOff	MdEditor	Misc	engine_off	md-editor-engine-off	F0A46	E	md
EngineOffOutline	MdEditor	Misc	engine_off_outline	md-editor-engine-off-outline	F0A47	E	md
EngineOutline	MdEditor	Misc	engine_outline	md-editor-engine-outline	F01FB	E	md
Epsilon	MdEditor	Misc	epsilon	md-editor-epsilon	F10E0	E	md
Equal	MdEditor	Misc	equal	md-editor-equal	F01FC	E	md
EqualBox	MdEditor	Misc	equal_box	md-editor-equal-box	F01FD	E	md
Eraser	MdEditor	Misc	eraser	md-editor-eraser	F01FE	E	md
EraserVariant	MdEditor	Misc	eraser_variant	md-editor-eraser-variant	F0642	E	md
EvPlugCcs1	MdEditor	Misc	ev_plug_ccs1	md-editor-ev-plug-ccs1	F1519	E	md
EvPlugCcs2	MdEditor	Misc	ev_plug_ccs2	md-editor-ev-plug-ccs2	F151A	E	md
EvPlugChademo	MdEditor	Misc	ev_plug_chademo	md-editor-ev-plug-chademo	F151B	E	md
EvPlugTesla	MdEditor	Misc	ev_plug_tesla	md-editor-ev-plug-tesla	F151C	E	md
EvPlugType1	MdEditor	Misc	ev_plug_type1	md-editor-ev-plug-type1	F151D	E	md
EvPlugType2	MdEditor	Misc	ev_plug_type2	md-editor-ev-plug-type2	F151E	E	md
EvStation	MdEditor	Misc	ev_station	md-editor-ev-station	F05F1	E	md
ExpandAll	MdEditor	Misc	expand_all	md-editor-expand-all	F0AB4	E	md
ExpandAllOutline	MdEditor	Misc	expand_all_outline	md-editor-expand-all-outline	F0AB5	E	md
Export	MdEditor	Misc	export	md-editor-export	F0207	E	md
ExportVariant	MdEditor	Misc	export_variant	md-editor-export-variant	F0B93	E	md
Eyedropper	MdEditor	Misc	eyedropper	md-editor-eyedropper	F020A	E	md
EyedropperMinus	MdEditor	Misc	eyedropper_minus	md-editor-eyedropper-minus	F13DD	E	md
EyedropperOff	MdEditor	Misc	eyedropper_off	md-editor-eyedropper-off	F13DF	E	md
EyedropperPlus	MdEditor	Misc	eyedropper_plus	md-editor-eyedropper-plus	F13DC	E	md
EyedropperRemove	MdEditor	Misc	eyedropper_remove	md-editor-eyedropper-remove	F13DE	E	md
EyedropperVariant	MdEditor	Misc	eyedropper_variant	md-editor-eyedropper-variant	F020B	E	md
FastForward	MdEditor	Misc	fast_forward	md-editor-fast-forward	F0211	E	md
FastForward10	MdEditor	Misc	fast_forward_10	md-editor-fast-forward-10	F0D71	E	md
FastForward15	MdEditor	Misc	fast_forward_15	md-editor-fast-forward-15	F193A	E	md
FastForward30	MdEditor	Misc	fast_forward_30	md-editor-fast-forward-30	F0D06	E	md
FastForward5	MdEditor	Misc	fast_forward_5	md-editor-fast-forward-5	F11F8	E	md
FastForward60	MdEditor	Misc	fast_forward_60	md-editor-fast-forward-60	F160B	E	md
FastForwardOutline	MdEditor	Misc	fast_forward_outline	md-editor-fast-forward-outline	F06D2	E	md
Feather	MdEditor	Misc	feather	md-editor-feather	F06D3	E	md
Floppy	MdEditor	Misc	floppy	md-editor-floppy	F0249	E	md
FloppyVariant	MdEditor	Misc	floppy_variant	md-editor-floppy-variant	F09EF	E	md
FontAwesome	MdEditor	Misc	font_awesome	md-editor-font-awesome	F003A	E	md
FormDropdown	MdEditor	Misc	form_dropdown	md-editor-form-dropdown	F1400	E	md
FormSelect	MdEditor	Misc	form_select	md-editor-form-select	F1401	E	md
FormTextarea	MdEditor	Misc	form_textarea	md-editor-form-textarea	F1095	E	md
FormTextbox	MdEditor	Misc	form_textbox	md-editor-form-textbox	F060E	E	md
FormTextboxLock	MdEditor	Misc	form_textbox_lock	md-editor-form-textbox-lock	F135D	E	md
FormTextboxPassword	MdEditor	Misc	form_textbox_password	md-editor-form-textbox-password	F07F5	E	md
FractionOneHalf	MdEditor	Misc	fraction_one_half	md-editor-fraction-one-half	F1992	E	md
Fullscreen	MdEditor	Misc	fullscreen	md-editor-fullscreen	F0293	E	md
FullscreenExit	MdEditor	Misc	fullscreen_exit	md-editor-fullscreen-exit	F0294	E	md
Function	MdEditor	Misc	function	md-editor-function	F0295	E	md
FunctionVariant	MdEditor	Misc	function_variant	md-editor-function-variant	F0871	E	md
Gamma	MdEditor	Misc	gamma	md-editor-gamma	F10EE	E	md
GasBurner	MdEditor	Misc	gas_burner	md-editor-gas-burner	F1A1B	E	md
GasCylinder	MdEditor	Misc	gas_cylinder	md-editor-gas-cylinder	F0647	E	md
GasStation	MdEditor	Misc	gas_station	md-editor-gas-station	F0298	E	md
GasStationOff	MdEditor	Misc	gas_station_off	md-editor-gas-station-off	F1409	E	md
GasStationOffOutline	MdEditor	Misc	gas_station_off_outline	md-editor-gas-station-off-outline	F140A	E	md
GasStationOutline	MdEditor	Misc	gas_station_outline	md-editor-gas-station-outline	F0EB8	E	md
Group	MdEditor	Misc	group	md-editor-group	F02C3	E	md
HandBackLeft	MdEditor	Misc	hand_back_left	md-editor-hand-back-left	F0E46	E	md
HandBackLeftOff	MdEditor	Misc	hand_back_left_off	md-editor-hand-back-left-off	F1830	E	md
HandBackLeftOffOutline	MdEditor	Misc	hand_back_left_off_outline	md-editor-hand-back-left-off-outline	F1832	E	md
HandBackLeftOutline	MdEditor	Misc	hand_back_left_outline	md-editor-hand-back-left-outline	F182C	E	md
HandBackRight	MdEditor	Misc	hand_back_right	md-editor-hand-back-right	F0E47	E	md
HandBackRightOff	MdEditor	Misc	hand_back_right_off	md-editor-hand-back-right-off	F1831	E	md
HandBackRightOffOutline	MdEditor	Misc	hand_back_right_off_outline	md-editor-hand-back-right-off-outline	F1833	E	md
HandBackRightOutline	MdEditor	Misc	hand_back_right_outline	md-editor-hand-back-right-outline	F182D	E	md
HandClap	MdEditor	Misc	hand_clap	md-editor-hand-clap	F194B	E	md
HandClapOff	MdEditor	Misc	hand_clap_off	md-editor-hand-clap-off	F1A42	E	md
HandCoin	MdEditor	Misc	hand_coin	md-editor-hand-coin	F188F	E	md
HandCoinOutline	MdEditor	Misc	hand_coin_outline	md-editor-hand-coin-outline	F1890	E	md
HandExtended	MdEditor	Misc	hand_extended	md-editor-hand-extended	F18B6	E	md
HandExtendedOutline	MdEditor	Misc	hand_extended_outline	md-editor-hand-extended-outline	F18B7	E	md
HandFrontLeft	MdEditor	Misc	hand_front_left	md-editor-hand-front-left	F182B	E	md
HandFrontLeftOutline	MdEditor	Misc	hand_front_left_outline	md-editor-hand-front-left-outline	F182E	E	md
HandFrontRight	MdEditor	Misc	hand_front_right	md-editor-hand-front-right	F0A4F	E	md
HandFrontRightOutline	MdEditor	Misc	hand_front_right_outline	md-editor-hand-front-right-outline	F182F	E	md
HandHeart	MdEditor	Misc	hand_heart	md-editor-hand-heart	F10F1	E	md
HandHeartOutline	MdEditor	Misc	hand_heart_outline	md-editor-hand-heart-outline	F157E	E	md
HandOkay	MdEditor	Misc	hand_okay	md-editor-hand-okay	F0A50	E	md
HandPeace	MdEditor	Misc	hand_peace	md-editor-hand-peace	F0A51	E	md
HandPeaceVariant	MdEditor	Misc	hand_peace_variant	md-editor-hand-peace-variant	F0A52	E	md
HandPointingDown	MdEditor	Misc	hand_pointing_down	md-editor-hand-pointing-down	F0A53	E	md
HandPointingLeft	MdEditor	Misc	hand_pointing_left	md-editor-hand-pointing-left	F0A54	E	md
HandPointingRight	MdEditor	Misc	hand_pointing_right	md-editor-hand-pointing-right	F02C7	E	md
HandPointingUp	MdEditor	Misc	hand_pointing_up	md-editor-hand-pointing-up	F0A55	E	md
HandSaw	MdEditor	Misc	hand_saw	md-editor-hand-saw	F0E48	E	md
HandWash	MdEditor	Misc	hand_wash	md-editor-hand-wash	F157F	E	md
HandWashOutline	MdEditor	Misc	hand_wash_outline	md-editor-hand-wash-outline	F1580	E	md
HandWater	MdEditor	Misc	hand_water	md-editor-hand-water	F139F	E	md
HandWave	MdEditor	Misc	hand_wave	md-editor-hand-wave	F1821	E	md
HandWaveOutline	MdEditor	Misc	hand_wave_outline	md-editor-hand-wave-outline	F1822	E	md
Head	MdEditor	Misc	head	md-editor-head	F135E	E	md
HeadAlert	MdEditor	Misc	head_alert	md-editor-head-alert	F1338	E	md
HeadAlertOutline	MdEditor	Misc	head_alert_outline	md-editor-head-alert-outline	F1339	E	md
HeadCheck	MdEditor	Misc	head_check	md-editor-head-check	F133A	E	md
HeadCheckOutline	MdEditor	Misc	head_check_outline	md-editor-head-check-outline	F133B	E	md
HeadCog	MdEditor	Misc	head_cog	md-editor-head-cog	F133C	E	md
HeadCogOutline	MdEditor	Misc	head_cog_outline	md-editor-head-cog-outline	F133D	E	md
HeadDotsHorizontal	MdEditor	Misc	head_dots_horizontal	md-editor-head-dots-horizontal	F133E	E	md
HeadDotsHorizontalOutline	MdEditor	Misc	head_dots_horizontal_outline	md-editor-head-dots-horizontal-outline	F133F	E	md
HeadFlash	MdEditor	Misc	head_flash	md-editor-head-flash	F1340	E	md
HeadFlashOutline	MdEditor	Misc	head_flash_outline	md-editor-head-flash-outline	F1341	E	md
HeadHeart	MdEditor	Misc	head_heart	md-editor-head-heart	F1342	E	md
HeadHeartOutline	MdEditor	Misc	head_heart_outline	md-editor-head-heart-outline	F1343	E	md
HeadLightbulb	MdEditor	Misc	head_lightbulb	md-editor-head-lightbulb	F1344	E	md
HeadLightbulbOutline	MdEditor	Misc	head_lightbulb_outline	md-editor-head-lightbulb-outline	F1345	E	md
HeadMinus	MdEditor	Misc	head_minus	md-editor-head-minus	F1346	E	md
HeadMinusOutline	MdEditor	Misc	head_minus_outline	md-editor-head-minus-outline	F1347	E	md
HeadOutline	MdEditor	Misc	head_outline	md-editor-head-outline	F135F	E	md
HeadPlus	MdEditor	Misc	head_plus	md-editor-head-plus	F1348	E	md
HeadPlusOutline	MdEditor	Misc	head_plus_outline	md-editor-head-plus-outline	F1349	E	md
HeadQuestion	MdEditor	Misc	head_question	md-editor-head-question	F134A	E	md
HeadQuestionOutline	MdEditor	Misc	head_question_outline	md-editor-head-question-outline	F134B	E	md
HeadRemove	MdEditor	Misc	head_remove	md-editor-head-remove	F134C	E	md
HeadRemoveOutline	MdEditor	Misc	head_remove_outline	md-editor-head-remove-outline	F134D	E	md
HeadSnowflake	MdEditor	Misc	head_snowflake	md-editor-head-snowflake	F134E	E	md
HeadSnowflakeOutline	MdEditor	Misc	head_snowflake_outline	md-editor-head-snowflake-outline	F134F	E	md
HeadSync	MdEditor	Misc	head_sync	md-editor-head-sync	F1350	E	md
HeadSyncOutline	MdEditor	Misc	head_sync_outline	md-editor-head-sync-outline	F1351	E	md
History	MdEditor	Misc	history	md-editor-history	F02DA	E	md
Import	MdEditor	Misc	import	md-editor-import	F02FA	E	md
InvertColors	MdEditor	Misc	invert_colors	md-editor-invert-colors	F0301	E	md
InvertColorsOff	MdEditor	Misc	invert_colors_off	md-editor-invert-colors-off	F0E4A	E	md
Label	MdEditor	Misc	label	md-editor-label	F0315	E	md
LabelMultiple	MdEditor	Misc	label_multiple	md-editor-label-multiple	F1375	E	md
LabelMultipleOutline	MdEditor	Misc	label_multiple_outline	md-editor-label-multiple-outline	F1376	E	md
LabelOff	MdEditor	Misc	label_off	md-editor-label-off	F0ACB	E	md
LabelOffOutline	MdEditor	Misc	label_off_outline	md-editor-label-off-outline	F0ACC	E	md
LabelOutline	MdEditor	Misc	label_outline	md-editor-label-outline	F0316	E	md
LabelPercent	MdEditor	Misc	label_percent	md-editor-label-percent	F12EA	E	md
LabelPercentOutline	MdEditor	Misc	label_percent_outline	md-editor-label-percent-outline	F12EB	E	md
LabelVariant	MdEditor	Misc	label_variant	md-editor-label-variant	F0ACD	E	md
LabelVariantOutline	MdEditor	Misc	label_variant_outline	md-editor-label-variant-outline	F0ACE	E	md
Lambda	MdEditor	Misc	lambda	md-editor-lambda	F0627	E	md
LanguageC	MdEditor	Misc	language_c	md-editor-language-c	F0671	E	md
LanguageCpp	MdEditor	Misc	language_cpp	md-editor-language-cpp	F0672	E	md
LanguageCsharp	MdEditor	Misc	language_csharp	md-editor-language-csharp	F031B	E	md
LanguageCss3	MdEditor	Misc	language_css3	md-editor-language-css3	F031C	E	md
LanguageFortran	MdEditor	Misc	language_fortran	md-editor-language-fortran	F121A	E	md
LanguageGo	MdEditor	Misc	language_go	md-editor-language-go	F07D3	E	md
LanguageHaskell	MdEditor	Misc	language_haskell	md-editor-language-haskell	F0C92	E	md
LanguageHtml5	MdEditor	Misc	language_html5	md-editor-language-html5	F031D	E	md
LanguageJava	MdEditor	Misc	language_java	md-editor-language-java	F0B37	E	md
LanguageJavascript	MdEditor	Misc	language_javascript	md-editor-language-javascript	F031E	E	md
LanguageKotlin	MdEditor	Misc	language_kotlin	md-editor-language-kotlin	F1219	E	md
LanguageLua	MdEditor	Misc	language_lua	md-editor-language-lua	F08B1	E	md
LanguageMarkdown	MdEditor	Misc	language_markdown	md-editor-language-markdown	F0354	E	md
LanguageMarkdownOutline	MdEditor	Misc	language_markdown_outline	md-editor-language-markdown-outline	F0F5B	E	md
LanguagePhp	MdEditor	Misc	language_php	md-editor-language-php	F031F	E	md
LanguagePython	MdEditor	Misc	language_python	md-editor-language-python	F0320	E	md
LanguageR	MdEditor	Misc	language_r	md-editor-language-r	F07D4	E	md
LanguageRuby	MdEditor	Misc	language_ruby	md-editor-language-ruby	F0D2D	E	md
LanguageRubyOnRails	MdEditor	Misc	language_ruby_on_rails	md-editor-language-ruby-on-rails	F0ACF	E	md
LanguageRust	MdEditor	Misc	language_rust	md-editor-language-rust	F1617	E	md
LanguageSwift	MdEditor	Misc	language_swift	md-editor-language-swift	F06E5	E	md
LanguageTypescript	MdEditor	Misc	language_typescript	md-editor-language-typescript	F06E6	E	md
LanguageXaml	MdEditor	Misc	language_xaml	md-editor-language-xaml	F0673	E	md
Layers	MdEditor	Misc	layers	md-editor-layers	F0328	E	md
LayersEdit	MdEditor	Misc	layers_edit	md-editor-layers-edit	F1892	E	md
LayersMinus	MdEditor	Misc	layers_minus	md-editor-layers-minus	F0E4C	E	md
LayersOff	MdEditor	Misc	layers_off	md-editor-layers-off	F0329	E	md
LayersOffOutline	MdEditor	Misc	layers_off_outline	md-editor-layers-off-outline	F09FD	E	md
LayersOutline	MdEditor	Misc	layers_outline	md-editor-layers-outline	F09FE	E	md
LayersPlus	MdEditor	Misc	layers_plus	md-editor-layers-plus	F0E4D	E	md
LayersRemove	MdEditor	Misc	layers_remove	md-editor-layers-remove	F0E4E	E	md
LayersSearch	MdEditor	Misc	layers_search	md-editor-layers-search	F1206	E	md
LayersSearchOutline	MdEditor	Misc	layers_search_outline	md-editor-layers-search-outline	F1207	E	md
LayersTriple	MdEditor	Misc	layers_triple	md-editor-layers-triple	F0F58	E	md
LayersTripleOutline	MdEditor	Misc	layers_triple_outline	md-editor-layers-triple-outline	F0F59	E	md
ListStatus	MdEditor	Misc	list_status	md-editor-list-status	F15AB	E	md
Magnify	MdEditor	Misc	magnify	md-editor-magnify	F0349	E	md
MagnifyClose	MdEditor	Misc	magnify_close	md-editor-magnify-close	F0980	E	md
MagnifyExpand	MdEditor	Misc	magnify_expand	md-editor-magnify-expand	F1874	E	md
MagnifyMinus	MdEditor	Misc	magnify_minus	md-editor-magnify-minus	F034A	E	md
MagnifyMinusCursor	MdEditor	Misc	magnify_minus_cursor	md-editor-magnify-minus-cursor	F0A62	E	md
MagnifyMinusOutline	MdEditor	Misc	magnify_minus_outline	md-editor-magnify-minus-outline	F06EC	E	md
MagnifyPlus	MdEditor	Misc	magnify_plus	md-editor-magnify-plus	F034B	E	md
MagnifyPlusCursor	MdEditor	Misc	magnify_plus_cursor	md-editor-magnify-plus-cursor	F0A63	E	md
MagnifyPlusOutline	MdEditor	Misc	magnify_plus_outline	md-editor-magnify-plus-outline	F06ED	E	md
MagnifyRemoveCursor	MdEditor	Misc	magnify_remove_cursor	md-editor-magnify-remove-cursor	F120C	E	md
MagnifyRemoveOutline	MdEditor	Misc	magnify_remove_outline	md-editor-magnify-remove-outline	F120D	E	md
MagnifyScan	MdEditor	Misc	magnify_scan	md-editor-magnify-scan	F1276	E	md
Marker	MdEditor	Misc	marker	md-editor-marker	F0652	E	md
MarkerCancel	MdEditor	Misc	marker_cancel	md-editor-marker-cancel	F0DD9	E	md
MarkerCheck	MdEditor	Misc	marker_check	md-editor-marker-check	F0355	E	md
MaterialDesign	MdEditor	Misc	material_design	md-editor-material-design	F0986	E	md
MaterialUi	MdEditor	Misc	material_ui	md-editor-material-ui	F0357	E	md
Matrix	MdEditor	Misc	matrix	md-editor-matrix	F0628	E	md
Menu	MdEditor	Misc	menu	md-editor-menu	F035C	E	md
MenuDown	MdEditor	Misc	menu_down	md-editor-menu-down	F035D	E	md
MenuDownOutline	MdEditor	Misc	menu_down_outline	md-editor-menu-down-outline	F06B6	E	md
MenuLeft	MdEditor	Misc	menu_left	md-editor-menu-left	F035E	E	md
MenuLeftOutline	MdEditor	Misc	menu_left_outline	md-editor-menu-left-outline	F0A02	E	md
MenuOpen	MdEditor	Misc	menu_open	md-editor-menu-open	F0BAB	E	md
MenuRight	MdEditor	Misc	menu_right	md-editor-menu-right	F035F	E	md
MenuRightOutline	MdEditor	Misc	menu_right_outline	md-editor-menu-right-outline	F0A03	E	md
MenuSwap	MdEditor	Misc	menu_swap	md-editor-menu-swap	F0A64	E	md
MenuSwapOutline	MdEditor	Misc	menu_swap_outline	md-editor-menu-swap-outline	F0A65	E	md
MenuUp	MdEditor	Misc	menu_up	md-editor-menu-up	F0360	E	md
MenuUpOutline	MdEditor	Misc	menu_up_outline	md-editor-menu-up-outline	F06B7	E	md
Merge	MdEditor	Misc	merge	md-editor-merge	F0F5C	E	md
Minus	MdEditor	Misc	minus	md-editor-minus	F0374	E	md
MinusBox	MdEditor	Misc	minus_box	md-editor-minus-box	F0375	E	md
MinusBoxMultiple	MdEditor	Misc	minus_box_multiple	md-editor-minus-box-multiple	F1141	E	md
MinusBoxMultipleOutline	MdEditor	Misc	minus_box_multiple_outline	md-editor-minus-box-multiple-outline	F1142	E	md
MinusBoxOutline	MdEditor	Misc	minus_box_outline	md-editor-minus-box-outline	F06F2	E	md
MinusCircle	MdEditor	Misc	minus_circle	md-editor-minus-circle	F0376	E	md
MinusCircleMultiple	MdEditor	Misc	minus_circle_multiple	md-editor-minus-circle-multiple	F035A	E	md
MinusCircleMultipleOutline	MdEditor	Misc	minus_circle_multiple_outline	md-editor-minus-circle-multiple-outline	F0AD3	E	md
MinusCircleOff	MdEditor	Misc	minus_circle_off	md-editor-minus-circle-off	F1459	E	md
MinusCircleOffOutline	MdEditor	Misc	minus_circle_off_outline	md-editor-minus-circle-off-outline	F145A	E	md
MinusCircleOutline	MdEditor	Misc	minus_circle_outline	md-editor-minus-circle-outline	F0377	E	md
MinusNetwork	MdEditor	Misc	minus_network	md-editor-minus-network	F0378	E	md
MinusNetworkOutline	MdEditor	Misc	minus_network_outline	md-editor-minus-network-outline	F0C9A	E	md
MinusThick	MdEditor	Misc	minus_thick	md-editor-minus-thick	F1639	E	md
Multiplication	MdEditor	Misc	multiplication	md-editor-multiplication	F0382	E	md
MultiplicationBox	MdEditor	Misc	multiplication_box	md-editor-multiplication-box	F0383	E	md
NewBox	MdEditor	Misc	new_box	md-editor-new-box	F0394	E	md
NotEqual	MdEditor	Misc	not_equal	md-editor-not-equal	F098D	E	md
NotEqualVariant	MdEditor	Misc	not_equal_variant	md-editor-not-equal-variant	F098E	E	md
Opacity	MdEditor	Misc	opacity	md-editor-opacity	F05CC	E	md
OrderAlphabeticalAscending	MdEditor	Misc	order_alphabetical_ascending	md-editor-order-alphabetical-ascending	F020D	E	md
OrderAlphabeticalDescending	MdEditor	Misc	order_alphabetical_descending	md-editor-order-alphabetical-descending	F0D07	E	md
OrderBoolAscending	MdEditor	Misc	order_bool_ascending	md-editor-order-bool-ascending	F02BE	E	md
OrderBoolAscendingVariant	MdEditor	Misc	order_bool_ascending_variant	md-editor-order-bool-ascending-variant	F098F	E	md
OrderBoolDescending	MdEditor	Misc	order_bool_descending	md-editor-order-bool-descending	F1384	E	md
OrderBoolDescendingVariant	MdEditor	Misc	order_bool_descending_variant	md-editor-order-bool-descending-variant	F0990	E	md
OrderNumericAscending	MdEditor	Misc	order_numeric_ascending	md-editor-order-numeric-ascending	F0545	E	md
OrderNumericDescending	MdEditor	Misc	order_numeric_descending	md-editor-order-numeric-descending	F0546	E	md
Panorama	MdEditor	Misc	panorama	md-editor-panorama	F03DC	E	md
PanoramaFisheye	MdEditor	Misc	panorama_fisheye	md-editor-panorama-fisheye	F03DD	E	md
PanoramaHorizontal	MdEditor	Misc	panorama_horizontal	md-editor-panorama-horizontal	F1928	E	md
PanoramaHorizontalOutline	MdEditor	Misc	panorama_horizontal_outline	md-editor-panorama-horizontal-outline	F03DE	E	md
PanoramaOutline	MdEditor	Misc	panorama_outline	md-editor-panorama-outline	F198C	E	md
PanoramaSphere	MdEditor	Misc	panorama_sphere	md-editor-panorama-sphere	F198D	E	md
PanoramaSphereOutline	MdEditor	Misc	panorama_sphere_outline	md-editor-panorama-sphere-outline	F198E	E	md
PanoramaVariant	MdEditor	Misc	panorama_variant	md-editor-panorama-variant	F198F	E	md
PanoramaVariantOutline	MdEditor	Misc	panorama_variant_outline	md-editor-panorama-variant-outline	F1990	E	md
PanoramaVertical	MdEditor	Misc	panorama_vertical	md-editor-panorama-vertical	F1929	E	md
PanoramaVerticalOutline	MdEditor	Misc	panorama_vertical_outline	md-editor-panorama-vertical-outline	F03DF	E	md
PanoramaWideAngle	MdEditor	Misc	panorama_wide_angle	md-editor-panorama-wide-angle	F195F	E	md
PanoramaWideAngleOutline	MdEditor	Misc	panorama_wide_angle_outline	md-editor-panorama-wide-angle-outline	F03E0	E	md
Pen	MdEditor	Misc	pen	md-editor-pen	F03EA	E	md
PenLock	MdEditor	Misc	pen_lock	md-editor-pen-lock	F0DE2	E	md
PenMinus	MdEditor	Misc	pen_minus	md-editor-pen-minus	F0DE3	E	md
PenOff	MdEditor	Misc	pen_off	md-editor-pen-off	F0DE4	E	md
PenPlus	MdEditor	Misc	pen_plus	md-editor-pen-plus	F0DE5	E	md
PenRemove	MdEditor	Misc	pen_remove	md-editor-pen-remove	F0DE6	E	md
Pencil	MdEditor	Misc	pencil	md-editor-pencil	F03EB	E	md
PencilBox	MdEditor	Misc	pencil_box	md-editor-pencil-box	F03EC	E	md
PencilBoxMultiple	MdEditor	Misc	pencil_box_multiple	md-editor-pencil-box-multiple	F1144	E	md
PencilBoxMultipleOutline	MdEditor	Misc	pencil_box_multiple_outline	md-editor-pencil-box-multiple-outline	F1145	E	md
PencilBoxOutline	MdEditor	Misc	pencil_box_outline	md-editor-pencil-box-outline	F03ED	E	md
PencilCircle	MdEditor	Misc	pencil_circle	md-editor-pencil-circle	F06FF	E	md
PencilCircleOutline	MdEditor	Misc	pencil_circle_outline	md-editor-pencil-circle-outline	F0776	E	md
PencilLock	MdEditor	Misc	pencil_lock	md-editor-pencil-lock	F03EE	E	md
PencilLockOutline	MdEditor	Misc	pencil_lock_outline	md-editor-pencil-lock-outline	F0DE7	E	md
PencilMinus	MdEditor	Misc	pencil_minus	md-editor-pencil-minus	F0DE8	E	md
PencilMinusOutline	MdEditor	Misc	pencil_minus_outline	md-editor-pencil-minus-outline	F0DE9	E	md
PencilOff	MdEditor	Misc	pencil_off	md-editor-pencil-off	F03EF	E	md
PencilOffOutline	MdEditor	Misc	pencil_off_outline	md-editor-pencil-off-outline	F0DEA	E	md
PencilOutline	MdEditor	Misc	pencil_outline	md-editor-pencil-outline	F0CB6	E	md
PencilPlus	MdEditor	Misc	pencil_plus	md-editor-pencil-plus	F0DEB	E	md
PencilPlusOutline	MdEditor	Misc	pencil_plus_outline	md-editor-pencil-plus-outline	F0DEC	E	md
PencilRemove	MdEditor	Misc	pencil_remove	md-editor-pencil-remove	F0DED	E	md
PencilRemoveOutline	MdEditor	Misc	pencil_remove_outline	md-editor-pencil-remove-outline	F0DEE	E	md
PencilRuler	MdEditor	Misc	pencil_ruler	md-editor-pencil-ruler	F1353	E	md
Pi	MdEditor	Misc	pi	md-editor-pi	F03FF	E	md
PiBox	MdEditor	Misc	pi_box	md-editor-pi-box	F0400	E	md
PiHole	MdEditor	Misc	pi_hole	md-editor-pi-hole	F0DF1	E	md
Plus	MdEditor	Misc	plus	md-editor-plus	F0415	E	md
PlusBox	MdEditor	Misc	plus_box	md-editor-plus-box	F0416	E	md
PlusBoxMultiple	MdEditor	Misc	plus_box_multiple	md-editor-plus-box-multiple	F0334	E	md
PlusBoxMultipleOutline	MdEditor	Misc	plus_box_multiple_outline	md-editor-plus-box-multiple-outline	F1143	E	md
PlusBoxOutline	MdEditor	Misc	plus_box_outline	md-editor-plus-box-outline	F0704	E	md
PlusCircle	MdEditor	Misc	plus_circle	md-editor-plus-circle	F0417	E	md
PlusCircleMultiple	MdEditor	Misc	plus_circle_multiple	md-editor-plus-circle-multiple	F034C	E	md
PlusCircleMultipleOutline	MdEditor	Misc	plus_circle_multiple_outline	md-editor-plus-circle-multiple-outline	F0418	E	md
PlusCircleOutline	MdEditor	Misc	plus_circle_outline	md-editor-plus-circle-outline	F0419	E	md
PlusLock	MdEditor	Misc	plus_lock	md-editor-plus-lock	F1A5D	E	md
PlusLockOpen	MdEditor	Misc	plus_lock_open	md-editor-plus-lock-open	F1A5E	E	md
PlusMinus	MdEditor	Misc	plus_minus	md-editor-plus-minus	F0992	E	md
PlusMinusBox	MdEditor	Misc	plus_minus_box	md-editor-plus-minus-box	F0993	E	md
PlusMinusVariant	MdEditor	Misc	plus_minus_variant	md-editor-plus-minus-variant	F14C9	E	md
PlusNetwork	MdEditor	Misc	plus_network	md-editor-plus-network	F041A	E	md
PlusNetworkOutline	MdEditor	Misc	plus_network_outline	md-editor-plus-network-outline	F0CBA	E	md
PlusOutline	MdEditor	Misc	plus_outline	md-editor-plus-outline	F0705	E	md
PlusThick	MdEditor	Misc	plus_thick	md-editor-plus-thick	F11EC	E	md
Publish	MdEditor	Misc	publish	md-editor-publish	F06A7	E	md
PublishOff	MdEditor	Misc	publish_off	md-editor-publish-off	F1945	E	md
RadioboxMarked	MdEditor	Misc	radiobox_marked	md-editor-radiobox-marked	F043E	E	md
RayEnd	MdEditor	Misc	ray_end	md-editor-ray-end	F0440	E	md
RayEndArrow	MdEditor	Misc	ray_end_arrow	md-editor-ray-end-arrow	F0441	E	md
RayStart	MdEditor	Misc	ray_start	md-editor-ray-start	F0442	E	md
RayStartArrow	MdEditor	Misc	ray_start_arrow	md-editor-ray-start-arrow	F0443	E	md
RayStartEnd	MdEditor	Misc	ray_start_end	md-editor-ray-start-end	F0444	E	md
RayStartVertexEnd	MdEditor	Misc	ray_start_vertex_end	md-editor-ray-start-vertex-end	F15D8	E	md
RayVertex	MdEditor	Misc	ray_vertex	md-editor-ray-vertex	F0445	E	md
Rectangle	MdEditor	Misc	rectangle	md-editor-rectangle	F0E5E	E	md
RectangleOutline	MdEditor	Misc	rectangle_outline	md-editor-rectangle-outline	F0E5F	E	md
Redo	MdEditor	Misc	redo	md-editor-redo	F044E	E	md
RedoVariant	MdEditor	Misc	redo_variant	md-editor-redo-variant	F044F	E	md
ReflectHorizontal	MdEditor	Misc	reflect_horizontal	md-editor-reflect-horizontal	F0A0E	E	md
ReflectVertical	MdEditor	Misc	reflect_vertical	md-editor-reflect-vertical	F0A0F	E	md
ReorderHorizontal	MdEditor	Misc	reorder_horizontal	md-editor-reorder-horizontal	F0688	E	md
ReorderVertical	MdEditor	Misc	reorder_vertical	md-editor-reorder-vertical	F0689	E	md
Restore	MdEditor	Misc	restore	md-editor-restore	F099B	E	md
RestoreAlert	MdEditor	Misc	restore_alert	md-editor-restore-alert	F110D	E	md
Rhombus	MdEditor	Misc	rhombus	md-editor-rhombus	F070B	E	md
RhombusMedium	MdEditor	Misc	rhombus_medium	md-editor-rhombus-medium	F0A10	E	md
RhombusMediumOutline	MdEditor	Misc	rhombus_medium_outline	md-editor-rhombus-medium-outline	F14DC	E	md
RhombusOutline	MdEditor	Misc	rhombus_outline	md-editor-rhombus-outline	F070C	E	md
RhombusSplit	MdEditor	Misc	rhombus_split	md-editor-rhombus-split	F0A11	E	md
RhombusSplitOutline	MdEditor	Misc	rhombus_split_outline	md-editor-rhombus-split-outline	F14DD	E	md
RomanNumeral2	MdEditor	Misc	roman_numeral_2	md-editor-roman-numeral-2	F1089	E	md
RomanNumeral3	MdEditor	Misc	roman_numeral_3	md-editor-roman-numeral-3	F108A	E	md
RomanNumeral4	MdEditor	Misc	roman_numeral_4	md-editor-roman-numeral-4	F108B	E	md
RomanNumeral6	MdEditor	Misc	roman_numeral_6	md-editor-roman-numeral-6	F108D	E	md
RomanNumeral7	MdEditor	Misc	roman_numeral_7	md-editor-roman-numeral-7	F108E	E	md
RomanNumeral8	MdEditor	Misc	roman_numeral_8	md-editor-roman-numeral-8	F108F	E	md
RomanNumeral9	MdEditor	Misc	roman_numeral_9	md-editor-roman-numeral-9	F1090	E	md
Routes	MdEditor	Misc	routes	md-editor-routes	F046A	E	md
RoutesClock	MdEditor	Misc	routes_clock	md-editor-routes-clock	F1059	E	md
Ruler	MdEditor	Misc	ruler	md-editor-ruler	F046D	E	md
RulerSquare	MdEditor	Misc	ruler_square	md-editor-ruler-square	F0CC2	E	md
RulerSquareCompass	MdEditor	Misc	ruler_square_compass	md-editor-ruler-square-compass	F0EBE	E	md
ScissorsCutting	MdEditor	Misc	scissors_cutting	md-editor-scissors-cutting	F0A6B	E	md
Select	MdEditor	Misc	select	md-editor-select	F0485	E	md
SelectAll	MdEditor	Misc	select_all	md-editor-select-all	F0486	E	md
SelectColor	MdEditor	Misc	select_color	md-editor-select-color	F0D31	E	md
SelectCompare	MdEditor	Misc	select_compare	md-editor-select-compare	F0AD9	E	md
SelectDrag	MdEditor	Misc	select_drag	md-editor-select-drag	F0A6C	E	md
SelectGroup	MdEditor	Misc	select_group	md-editor-select-group	F0F82	E	md
SelectInverse	MdEditor	Misc	select_inverse	md-editor-select-inverse	F0487	E	md
SelectMarker	MdEditor	Misc	select_marker	md-editor-select-marker	F1280	E	md
SelectMultiple	MdEditor	Misc	select_multiple	md-editor-select-multiple	F1281	E	md
SelectMultipleMarker	MdEditor	Misc	select_multiple_marker	md-editor-select-multiple-marker	F1282	E	md
SelectOff	MdEditor	Misc	select_off	md-editor-select-off	F0488	E	md
SelectPlace	MdEditor	Misc	select_place	md-editor-select-place	F0FDA	E	md
SelectRemove	MdEditor	Misc	select_remove	md-editor-select-remove	F17C1	E	md
SelectSearch	MdEditor	Misc	select_search	md-editor-select-search	F1204	E	md
Selection	MdEditor	Misc	selection	md-editor-selection	F0489	E	md
SelectionDrag	MdEditor	Misc	selection_drag	md-editor-selection-drag	F0A6D	E	md
SelectionEllipse	MdEditor	Misc	selection_ellipse	md-editor-selection-ellipse	F0D32	E	md
SelectionEllipseArrowInside	MdEditor	Misc	selection_ellipse_arrow_inside	md-editor-selection-ellipse-arrow-inside	F0F22	E	md
SelectionEllipseRemove	MdEditor	Misc	selection_ellipse_remove	md-editor-selection-ellipse-remove	F17C2	E	md
SelectionMarker	MdEditor	Misc	selection_marker	md-editor-selection-marker	F1283	E	md
SelectionMultiple	MdEditor	Misc	selection_multiple	md-editor-selection-multiple	F1285	E	md
SelectionMultipleMarker	MdEditor	Misc	selection_multiple_marker	md-editor-selection-multiple-marker	F1284	E	md
SelectionOff	MdEditor	Misc	selection_off	md-editor-selection-off	F0777	E	md
SelectionRemove	MdEditor	Misc	selection_remove	md-editor-selection-remove	F17C3	E	md
SelectionSearch	MdEditor	Misc	selection_search	md-editor-selection-search	F1205	E	md
SetAll	MdEditor	Misc	set_all	md-editor-set-all	F0778	E	md
SetCenter	MdEditor	Misc	set_center	md-editor-set-center	F0779	E	md
SetCenterRight	MdEditor	Misc	set_center_right	md-editor-set-center-right	F077A	E	md
SetLeft	MdEditor	Misc	set_left	md-editor-set-left	F077B	E	md
SetLeftCenter	MdEditor	Misc	set_left_center	md-editor-set-left-center	F077C	E	md
SetLeftRight	MdEditor	Misc	set_left_right	md-editor-set-left-right	F077D	E	md
SetMerge	MdEditor	Misc	set_merge	md-editor-set-merge	F14E0	E	md
SetNone	MdEditor	Misc	set_none	md-editor-set-none	F077E	E	md
SetRight	MdEditor	Misc	set_right	md-editor-set-right	F077F	E	md
SetSplit	MdEditor	Misc	set_split	md-editor-set-split	F14E1	E	md
SetSquare	MdEditor	Misc	set_square	md-editor-set-square	F145D	E	md
SetTopBox	MdEditor	Misc	set_top_box	md-editor-set-top-box	F099F	E	md
SettingsHelper	MdEditor	Misc	settings_helper	md-editor-settings-helper	F0A6E	E	md
Sigma	MdEditor	Misc	sigma	md-editor-sigma	F04A0	E	md
SigmaLower	MdEditor	Misc	sigma_lower	md-editor-sigma-lower	F062B	E	md
Signature	MdEditor	Misc	signature	md-editor-signature	F0DFB	E	md
SignatureFreehand	MdEditor	Misc	signature_freehand	md-editor-signature-freehand	F0DFC	E	md
SignatureImage	MdEditor	Misc	signature_image	md-editor-signature-image	F0DFD	E	md
SignatureText	MdEditor	Misc	signature_text	md-editor-signature-text	F0DFE	E	md
SizeM	MdEditor	Misc	size_m	md-editor-size-m	F13A5	E	md
SizeS	MdEditor	Misc	size_s	md-editor-size-s	F13A4	E	md
SizeXl	MdEditor	Misc	size_xl	md-editor-size-xl	F13A7	E	md
SizeXs	MdEditor	Misc	size_xs	md-editor-size-xs	F13A3	E	md
SizeXxl	MdEditor	Misc	size_xxl	md-editor-size-xxl	F13A8	E	md
SizeXxs	MdEditor	Misc	size_xxs	md-editor-size-xxs	F13A2	E	md
SizeXxxl	MdEditor	Misc	size_xxxl	md-editor-size-xxxl	F13A9	E	md
SmartCard	MdEditor	Misc	smart_card	md-editor-smart-card	F10BD	E	md
SmartCardOff	MdEditor	Misc	smart_card_off	md-editor-smart-card-off	F18F7	E	md
SmartCardOffOutline	MdEditor	Misc	smart_card_off_outline	md-editor-smart-card-off-outline	F18F8	E	md
SmartCardOutline	MdEditor	Misc	smart_card_outline	md-editor-smart-card-outline	F10BE	E	md
SmartCardReader	MdEditor	Misc	smart_card_reader	md-editor-smart-card-reader	F10BF	E	md
SmartCardReaderOutline	MdEditor	Misc	smart_card_reader_outline	md-editor-smart-card-reader-outline	F10C0	E	md
Sort	MdEditor	Misc	sort	md-editor-sort	F04BA	E	md
SortAlphabeticalAscending	MdEditor	Misc	sort_alphabetical_ascending	md-editor-sort-alphabetical-ascending	F05BD	E	md
SortAlphabeticalAscendingVariant	MdEditor	Misc	sort_alphabetical_ascending_variant	md-editor-sort-alphabetical-ascending-variant	F1148	E	md
SortAlphabeticalDescending	MdEditor	Misc	sort_alphabetical_descending	md-editor-sort-alphabetical-descending	F05BF	E	md
SortAlphabeticalDescendingVariant	MdEditor	Misc	sort_alphabetical_descending_variant	md-editor-sort-alphabetical-descending-variant	F1149	E	md
SortAlphabeticalVariant	MdEditor	Misc	sort_alphabetical_variant	md-editor-sort-alphabetical-variant	F04BB	E	md
SortAscending	MdEditor	Misc	sort_ascending	md-editor-sort-ascending	F04BC	E	md
SortBoolAscending	MdEditor	Misc	sort_bool_ascending	md-editor-sort-bool-ascending	F1385	E	md
SortBoolAscendingVariant	MdEditor	Misc	sort_bool_ascending_variant	md-editor-sort-bool-ascending-variant	F1386	E	md
SortBoolDescending	MdEditor	Misc	sort_bool_descending	md-editor-sort-bool-descending	F1387	E	md
SortBoolDescendingVariant	MdEditor	Misc	sort_bool_descending_variant	md-editor-sort-bool-descending-variant	F1388	E	md
SortCalendarAscending	MdEditor	Misc	sort_calendar_ascending	md-editor-sort-calendar-ascending	F1547	E	md
SortCalendarDescending	MdEditor	Misc	sort_calendar_descending	md-editor-sort-calendar-descending	F1548	E	md
SortClockAscending	MdEditor	Misc	sort_clock_ascending	md-editor-sort-clock-ascending	F1549	E	md
SortClockAscendingOutline	MdEditor	Misc	sort_clock_ascending_outline	md-editor-sort-clock-ascending-outline	F154A	E	md
SortClockDescending	MdEditor	Misc	sort_clock_descending	md-editor-sort-clock-descending	F154B	E	md
SortClockDescendingOutline	MdEditor	Misc	sort_clock_descending_outline	md-editor-sort-clock-descending-outline	F154C	E	md
SortDescending	MdEditor	Misc	sort_descending	md-editor-sort-descending	F04BD	E	md
SortNumericAscending	MdEditor	Misc	sort_numeric_ascending	md-editor-sort-numeric-ascending	F1389	E	md
SortNumericAscendingVariant	MdEditor	Misc	sort_numeric_ascending_variant	md-editor-sort-numeric-ascending-variant	F090D	E	md
SortNumericDescending	MdEditor	Misc	sort_numeric_descending	md-editor-sort-numeric-descending	F138A	E	md
SortNumericDescendingVariant	MdEditor	Misc	sort_numeric_descending_variant	md-editor-sort-numeric-descending-variant	F0AD2	E	md
SortNumericVariant	MdEditor	Misc	sort_numeric_variant	md-editor-sort-numeric-variant	F04BE	E	md
SortReverseVariant	MdEditor	Misc	sort_reverse_variant	md-editor-sort-reverse-variant	F033C	E	md
SortVariant	MdEditor	Misc	sort_variant	md-editor-sort-variant	F04BF	E	md
SortVariantLock	MdEditor	Misc	sort_variant_lock	md-editor-sort-variant-lock	F0CCD	E	md
SortVariantLockOpen	MdEditor	Misc	sort_variant_lock_open	md-editor-sort-variant-lock-open	F0CCE	E	md
SortVariantOff	MdEditor	Misc	sort_variant_off	md-editor-sort-variant-off	F1ABB	E	md
SortVariantRemove	MdEditor	Misc	sort_variant_remove	md-editor-sort-variant-remove	F1147	E	md
Spellcheck	MdEditor	Misc	spellcheck	md-editor-spellcheck	F04C6	E	md
SubdirectoryArrowLeft	MdEditor	Misc	subdirectory_arrow_left	md-editor-subdirectory-arrow-left	F060C	E	md
SubdirectoryArrowRight	MdEditor	Misc	subdirectory_arrow_right	md-editor-subdirectory-arrow-right	F060D	E	md
Switch	MdEditor	Misc	switch	md-editor-switch	F04E4	E	md
SyllabaryHangul	MdEditor	Misc	syllabary_hangul	md-editor-syllabary-hangul	F1333	E	md
SyllabaryHiragana	MdEditor	Misc	syllabary_hiragana	md-editor-syllabary-hiragana	F1334	E	md
SyllabaryKatakana	MdEditor	Misc	syllabary_katakana	md-editor-syllabary-katakana	F1335	E	md
SyllabaryKatakanaHalfwidth	MdEditor	Misc	syllabary_katakana_halfwidth	md-editor-syllabary-katakana-halfwidth	F1336	E	md
Symbol	MdEditor	Misc	symbol	md-editor-symbol	F1501	E	md
Tag	MdEditor	Misc	tag	md-editor-tag	F04F9	E	md
TagArrowDown	MdEditor	Misc	tag_arrow_down	md-editor-tag-arrow-down	F172B	E	md
TagArrowDownOutline	MdEditor	Misc	tag_arrow_down_outline	md-editor-tag-arrow-down-outline	F172C	E	md
TagArrowLeft	MdEditor	Misc	tag_arrow_left	md-editor-tag-arrow-left	F172D	E	md
TagArrowLeftOutline	MdEditor	Misc	tag_arrow_left_outline	md-editor-tag-arrow-left-outline	F172E	E	md
TagArrowRight	MdEditor	Misc	tag_arrow_right	md-editor-tag-arrow-right	F172F	E	md
TagArrowRightOutline	MdEditor	Misc	tag_arrow_right_outline	md-editor-tag-arrow-right-outline	F1730	E	md
TagArrowUp	MdEditor	Misc	tag_arrow_up	md-editor-tag-arrow-up	F1731	E	md
TagArrowUpOutline	MdEditor	Misc	tag_arrow_up_outline	md-editor-tag-arrow-up-outline	F1732	E	md
TagCheck	MdEditor	Misc	tag_check	md-editor-tag-check	F1A7A	E	md
TagCheckOutline	MdEditor	Misc	tag_check_outline	md-editor-tag-check-outline	F1A7B	E	md
TagFaces	MdEditor	Misc	tag_faces	md-editor-tag-faces	F04FA	E	md
TagHeart	MdEditor	Misc	tag_heart	md-editor-tag-heart	F068B	E	md
TagHeartOutline	MdEditor	Misc	tag_heart_outline	md-editor-tag-heart-outline	F0BCF	E	md
TagMinus	MdEditor	Misc	tag_minus	md-editor-tag-minus	F0910	E	md
TagMinusOutline	MdEditor	Misc	tag_minus_outline	md-editor-tag-minus-outline	F121F	E	md
TagMultiple	MdEditor	Misc	tag_multiple	md-editor-tag-multiple	F04FB	E	md
TagMultipleOutline	MdEditor	Misc	tag_multiple_outline	md-editor-tag-multiple-outline	F12F7	E	md
TagOff	MdEditor	Misc	tag_off	md-editor-tag-off	F1220	E	md
TagOffOutline	MdEditor	Misc	tag_off_outline	md-editor-tag-off-outline	F1221	E	md
TagOutline	MdEditor	Misc	tag_outline	md-editor-tag-outline	F04FC	E	md
TagPlus	MdEditor	Misc	tag_plus	md-editor-tag-plus	F0722	E	md
TagPlusOutline	MdEditor	Misc	tag_plus_outline	md-editor-tag-plus-outline	F1222	E	md
TagRemove	MdEditor	Misc	tag_remove	md-editor-tag-remove	F0723	E	md
TagRemoveOutline	MdEditor	Misc	tag_remove_outline	md-editor-tag-remove-outline	F1223	E	md
TagSearch	MdEditor	Misc	tag_search	md-editor-tag-search	F1907	E	md
TagSearchOutline	MdEditor	Misc	tag_search_outline	md-editor-tag-search-outline	F1908	E	md
TagText	MdEditor	Misc	tag_text	md-editor-tag-text	F1224	E	md
TagTextOutline	MdEditor	Misc	tag_text_outline	md-editor-tag-text-outline	F04FD	E	md
TallyMark1	MdEditor	Misc	tally_mark_1	md-editor-tally-mark-1	F1ABC	E	md
TallyMark2	MdEditor	Misc	tally_mark_2	md-editor-tally-mark-2	F1ABD	E	md
TallyMark3	MdEditor	Misc	tally_mark_3	md-editor-tally-mark-3	F1ABE	E	md
TallyMark4	MdEditor	Misc	tally_mark_4	md-editor-tally-mark-4	F1ABF	E	md
TallyMark5	MdEditor	Misc	tally_mark_5	md-editor-tally-mark-5	F1AC0	E	md
TestTube	MdEditor	Misc	test_tube	md-editor-test-tube	F0668	E	md
TestTubeEmpty	MdEditor	Misc	test_tube_empty	md-editor-test-tube-empty	F0911	E	md
TestTubeOff	MdEditor	Misc	test_tube_off	md-editor-test-tube-off	F0912	E	md
ThemeLightDark	MdEditor	Misc	theme_light_dark	md-editor-theme-light-dark	F050E	E	md
ToggleSwitch	MdEditor	Misc	toggle_switch	md-editor-toggle-switch	F0521	E	md
ToggleSwitchOff	MdEditor	Misc	toggle_switch_off	md-editor-toggle-switch-off	F0522	E	md
ToggleSwitchOffOutline	MdEditor	Misc	toggle_switch_off_outline	md-editor-toggle-switch-off-outline	F0A19	E	md
ToggleSwitchOutline	MdEditor	Misc	toggle_switch_outline	md-editor-toggle-switch-outline	F0A1A	E	md
ToggleSwitchVariant	MdEditor	Misc	toggle_switch_variant	md-editor-toggle-switch-variant	F1A25	E	md
ToggleSwitchVariantOff	MdEditor	Misc	toggle_switch_variant_off	md-editor-toggle-switch-variant-off	F1A26	E	md
Tooltip	MdEditor	Misc	tooltip	md-editor-tooltip	F0523	E	md
TooltipAccount	MdEditor	Misc	tooltip_account	md-editor-tooltip-account	F000C	E	md
TooltipCellphone	MdEditor	Misc	tooltip_cellphone	md-editor-tooltip-cellphone	F183B	E	md
TooltipCheck	MdEditor	Misc	tooltip_check	md-editor-tooltip-check	F155C	E	md
TooltipCheckOutline	MdEditor	Misc	tooltip_check_outline	md-editor-tooltip-check-outline	F155D	E	md
TooltipEdit	MdEditor	Misc	tooltip_edit	md-editor-tooltip-edit	F0524	E	md
TooltipEditOutline	MdEditor	Misc	tooltip_edit_outline	md-editor-tooltip-edit-outline	F12C5	E	md
TooltipImage	MdEditor	Misc	tooltip_image	md-editor-tooltip-image	F0525	E	md
TooltipImageOutline	MdEditor	Misc	tooltip_image_outline	md-editor-tooltip-image-outline	F0BD5	E	md
TooltipMinus	MdEditor	Misc	tooltip_minus	md-editor-tooltip-minus	F155E	E	md
TooltipMinusOutline	MdEditor	Misc	tooltip_minus_outline	md-editor-tooltip-minus-outline	F155F	E	md
TooltipOutline	MdEditor	Misc	tooltip_outline	md-editor-tooltip-outline	F0526	E	md
TooltipPlus	MdEditor	Misc	tooltip_plus	md-editor-tooltip-plus	F0BD6	E	md
TooltipPlusOutline	MdEditor	Misc	tooltip_plus_outline	md-editor-tooltip-plus-outline	F0527	E	md
TooltipRemove	MdEditor	Misc	tooltip_remove	md-editor-tooltip-remove	F1560	E	md
TooltipRemoveOutline	MdEditor	Misc	tooltip_remove_outline	md-editor-tooltip-remove-outline	F1561	E	md
TooltipText	MdEditor	Misc	tooltip_text	md-editor-tooltip-text	F0528	E	md
TooltipTextOutline	MdEditor	Misc	tooltip_text_outline	md-editor-tooltip-text-outline	F0BD7	E	md
Transcribe	MdEditor	Misc	transcribe	md-editor-transcribe	F052E	E	md
TranscribeClose	MdEditor	Misc	transcribe_close	md-editor-transcribe-close	F052F	E	md
Translate	MdEditor	Misc	translate	md-editor-translate	F05CA	E	md
TranslateOff	MdEditor	Misc	translate_off	md-editor-translate-off	F0E06	E	md
TrashCan	MdEditor	Misc	trash_can	md-editor-trash-can	F0A79	E	md
TrashCanOutline	MdEditor	Misc	trash_can_outline	md-editor-trash-can-outline	F0A7A	E	md
Tune	MdEditor	Misc	tune	md-editor-tune	F062E	E	md
TuneVariant	MdEditor	Misc	tune_variant	md-editor-tune-variant	F1542	E	md
TuneVertical	MdEditor	Misc	tune_vertical	md-editor-tune-vertical	F066A	E	md
TuneVerticalVariant	MdEditor	Misc	tune_vertical_variant	md-editor-tune-vertical-variant	F1543	E	md
Undo	MdEditor	Misc	undo	md-editor-undo	F054C	E	md
UndoVariant	MdEditor	Misc	undo_variant	md-editor-undo-variant	F054D	E	md
UnfoldLessHorizontal	MdEditor	Misc	unfold_less_horizontal	md-editor-unfold-less-horizontal	F054E	E	md
UnfoldLessVertical	MdEditor	Misc	unfold_less_vertical	md-editor-unfold-less-vertical	F0760	E	md
UnfoldMoreHorizontal	MdEditor	Misc	unfold_more_horizontal	md-editor-unfold-more-horizontal	F054F	E	md
UnfoldMoreVertical	MdEditor	Misc	unfold_more_vertical	md-editor-unfold-more-vertical	F0761	E	md
Ungroup	MdEditor	Misc	ungroup	md-editor-ungroup	F0550	E	md
Unicode	MdEditor	Misc	unicode	md-editor-unicode	F0ED0	E	md
Update	MdEditor	Misc	update	md-editor-update	F06B0	E	md
Variable	MdEditor	Misc	variable	md-editor-variable	F0AE7	E	md
VariableBox	MdEditor	Misc	variable_box	md-editor-variable-box	F1111	E	md
ViewAgenda	MdEditor	Misc	view_agenda	md-editor-view-agenda	F056A	E	md
ViewAgendaOutline	MdEditor	Misc	view_agenda_outline	md-editor-view-agenda-outline	F11D8	E	md
ViewArray	MdEditor	Misc	view_array	md-editor-view-array	F056B	E	md
ViewArrayOutline	MdEditor	Misc	view_array_outline	md-editor-view-array-outline	F1485	E	md
ViewCarousel	MdEditor	Misc	view_carousel	md-editor-view-carousel	F056C	E	md
ViewCarouselOutline	MdEditor	Misc	view_carousel_outline	md-editor-view-carousel-outline	F1486	E	md
ViewColumn	MdEditor	Misc	view_column	md-editor-view-column	F056D	E	md
ViewColumnOutline	MdEditor	Misc	view_column_outline	md-editor-view-column-outline	F1487	E	md
ViewComfy	MdEditor	Misc	view_comfy	md-editor-view-comfy	F0E6A	E	md
ViewComfyOutline	MdEditor	Misc	view_comfy_outline	md-editor-view-comfy-outline	F1488	E	md
ViewCompact	MdEditor	Misc	view_compact	md-editor-view-compact	F0E6B	E	md
ViewCompactOutline	MdEditor	Misc	view_compact_outline	md-editor-view-compact-outline	F0E6C	E	md
ViewDashboard	MdEditor	Misc	view_dashboard	md-editor-view-dashboard	F056E	E	md
ViewDashboardEdit	MdEditor	Misc	view_dashboard_edit	md-editor-view-dashboard-edit	F1947	E	md
ViewDashboardEditOutline	MdEditor	Misc	view_dashboard_edit_outline	md-editor-view-dashboard-edit-outline	F1948	E	md
ViewDashboardOutline	MdEditor	Misc	view_dashboard_outline	md-editor-view-dashboard-outline	F0A1D	E	md
ViewDashboardVariant	MdEditor	Misc	view_dashboard_variant	md-editor-view-dashboard-variant	F0843	E	md
ViewDashboardVariantOutline	MdEditor	Misc	view_dashboard_variant_outline	md-editor-view-dashboard-variant-outline	F1489	E	md
ViewDay	MdEditor	Misc	view_day	md-editor-view-day	F056F	E	md
ViewDayOutline	MdEditor	Misc	view_day_outline	md-editor-view-day-outline	F148A	E	md
ViewGallery	MdEditor	Misc	view_gallery	md-editor-view-gallery	F1888	E	md
ViewGalleryOutline	MdEditor	Misc	view_gallery_outline	md-editor-view-gallery-outline	F1889	E	md
ViewGrid	MdEditor	Misc	view_grid	md-editor-view-grid	F0570	E	md
ViewGridOutline	MdEditor	Misc	view_grid_outline	md-editor-view-grid-outline	F11D9	E	md
ViewGridPlus	MdEditor	Misc	view_grid_plus	md-editor-view-grid-plus	F0F8D	E	md
ViewGridPlusOutline	MdEditor	Misc	view_grid_plus_outline	md-editor-view-grid-plus-outline	F11DA	E	md
ViewHeadline	MdEditor	Misc	view_headline	md-editor-view-headline	F0571	E	md
ViewList	MdEditor	Misc	view_list	md-editor-view-list	F0572	E	md
ViewListOutline	MdEditor	Misc	view_list_outline	md-editor-view-list-outline	F148B	E	md
ViewModule	MdEditor	Misc	view_module	md-editor-view-module	F0573	E	md
ViewModuleOutline	MdEditor	Misc	view_module_outline	md-editor-view-module-outline	F148C	E	md
ViewParallel	MdEditor	Misc	view_parallel	md-editor-view-parallel	F0728	E	md
ViewParallelOutline	MdEditor	Misc	view_parallel_outline	md-editor-view-parallel-outline	F148D	E	md
ViewQuilt	MdEditor	Misc	view_quilt	md-editor-view-quilt	F0574	E	md
ViewQuiltOutline	MdEditor	Misc	view_quilt_outline	md-editor-view-quilt-outline	F148E	E	md
ViewSequential	MdEditor	Misc	view_sequential	md-editor-view-sequential	F0729	E	md
ViewSequentialOutline	MdEditor	Misc	view_sequential_outline	md-editor-view-sequential-outline	F148F	E	md
ViewSplitHorizontal	MdEditor	Misc	view_split_horizontal	md-editor-view-split-horizontal	F0BCB	E	md
ViewSplitVertical	MdEditor	Misc	view_split_vertical	md-editor-view-split-vertical	F0BCC	E	md
ViewStream	MdEditor	Misc	view_stream	md-editor-view-stream	F0575	E	md
ViewStreamOutline	MdEditor	Misc	view_stream_outline	md-editor-view-stream-outline	F1490	E	md
ViewWeek	MdEditor	Misc	view_week	md-editor-view-week	F0576	E	md
ViewWeekOutline	MdEditor	Misc	view_week_outline	md-editor-view-week-outline	F1491	E	md
Widgets	MdEditor	Misc	widgets	md-editor-widgets	F072C	E	md
WidgetsOutline	MdEditor	Misc	widgets_outline	md-editor-widgets-outline	F1355	E	md
WindowClose	MdEditor	Misc	window_close	md-editor-window-close	F05AD	E	md
WindowClosed	MdEditor	Misc	window_closed	md-editor-window-closed	F05AE	E	md
WindowClosedVariant	MdEditor	Misc	window_closed_variant	md-editor-window-closed-variant	F11DB	E	md
WindowMaximize	MdEditor	Misc	window_maximize	md-editor-window-maximize	F05AF	E	md
WindowMinimize	MdEditor	Misc	window_minimize	md-editor-window-minimize	F05B0	E	md
WindowOpen	MdEditor	Misc	window_open	md-editor-window-open	F05B1	E	md
WindowOpenVariant	MdEditor	Misc	window_open_variant	md-editor-window-open-variant	F11DC	E	md
WindowRestore	MdEditor	Misc	window_restore	md-editor-window-restore	F05B2	E	md
WindowShutter	MdEditor	Misc	window_shutter	md-editor-window-shutter	F111C	E	md
WindowShutterAlert	MdEditor	Misc	window_shutter_alert	md-editor-window-shutter-alert	F111D	E	md
WindowShutterCog	MdEditor	Misc	window_shutter_cog	md-editor-window-shutter-cog	F1A8A	E	md
WindowShutterOpen	MdEditor	Misc	window_shutter_open	md-editor-window-shutter-open	F111E	E	md
WindowShutterSettings	MdEditor	Misc	window_shutter_settings	md-editor-window-shutter-settings	F1A8B	E	md
Wrap	MdEditor	Misc	wrap	md-editor-wrap	F05B6	E	md
WrapDisabled	MdEditor	Misc	wrap_disabled	md-editor-wrap-disabled	F0BDF	E	md
Axis	MdEditor	Numeric	axis	md-editor-axis	F0D48	E	md
AxisArrow	MdEditor	Numeric	axis_arrow	md-editor-axis-arrow	F0D49	E	md
AxisArrowInfo	MdEditor	Numeric	axis_arrow_info	md-editor-axis-arrow-info	F140E	E	md
AxisArrowLock	MdEditor	Numeric	axis_arrow_lock	md-editor-axis-arrow-lock	F0D4A	E	md
AxisLock	MdEditor	Numeric	axis_lock	md-editor-axis-lock	F0D4B	E	md
AxisXArrow	MdEditor	Numeric	axis_x_arrow	md-editor-axis-x-arrow	F0D4C	E	md
AxisXArrowLock	MdEditor	Numeric	axis_x_arrow_lock	md-editor-axis-x-arrow-lock	F0D4D	E	md
AxisXRotateClockwise	MdEditor	Numeric	axis_x_rotate_clockwise	md-editor-axis-x-rotate-clockwise	F0D4E	E	md
AxisXRotateCounterclockwise	MdEditor	Numeric	axis_x_rotate_counterclockwise	md-editor-axis-x-rotate-counterclockwise	F0D4F	E	md
AxisXYArrowLock	MdEditor	Numeric	axis_x_y_arrow_lock	md-editor-axis-x-y-arrow-lock	F0D50	E	md
AxisYArrow	MdEditor	Numeric	axis_y_arrow	md-editor-axis-y-arrow	F0D51	E	md
AxisYArrowLock	MdEditor	Numeric	axis_y_arrow_lock	md-editor-axis-y-arrow-lock	F0D52	E	md
AxisYRotateClockwise	MdEditor	Numeric	axis_y_rotate_clockwise	md-editor-axis-y-rotate-clockwise	F0D53	E	md
AxisYRotateCounterclockwise	MdEditor	Numeric	axis_y_rotate_counterclockwise	md-editor-axis-y-rotate-counterclockwise	F0D54	E	md
AxisZArrow	MdEditor	Numeric	axis_z_arrow	md-editor-axis-z-arrow	F0D55	E	md
AxisZArrowLock	MdEditor	Numeric	axis_z_arrow_lock	md-editor-axis-z-arrow-lock	F0D56	E	md
AxisZRotateClockwise	MdEditor	Numeric	axis_z_rotate_clockwise	md-editor-axis-z-rotate-clockwise	F0D57	E	md
AxisZRotateCounterclockwise	MdEditor	Numeric	axis_z_rotate_counterclockwise	md-editor-axis-z-rotate-counterclockwise	F0D58	E	md
MathCompass	MdEditor	Numeric	math_compass	md-editor-math-compass	F0358	E	md
MathCos	MdEditor	Numeric	math_cos	md-editor-math-cos	F0C96	E	md
MathIntegral	MdEditor	Numeric	math_integral	md-editor-math-integral	F0FC8	E	md
MathIntegralBox	MdEditor	Numeric	math_integral_box	md-editor-math-integral-box	F0FC9	E	md
MathLog	MdEditor	Numeric	math_log	md-editor-math-log	F1085	E	md
MathNorm	MdEditor	Numeric	math_norm	md-editor-math-norm	F0FCA	E	md
MathNormBox	MdEditor	Numeric	math_norm_box	md-editor-math-norm-box	F0FCB	E	md
MathSin	MdEditor	Numeric	math_sin	md-editor-math-sin	F0C97	E	md
MathTan	MdEditor	Numeric	math_tan	md-editor-math-tan	F0C98	E	md
RelationManyToMany	MdEditor	Numeric	relation_many_to_many	md-editor-relation-many-to-many	F1496	E	md
RelationManyToOne	MdEditor	Numeric	relation_many_to_one	md-editor-relation-many-to-one	F1497	E	md
RelationManyToOneOrMany	MdEditor	Numeric	relation_many_to_one_or_many	md-editor-relation-many-to-one-or-many	F1498	E	md
RelationManyToOnlyOne	MdEditor	Numeric	relation_many_to_only_one	md-editor-relation-many-to-only-one	F1499	E	md
RelationManyToZeroOrMany	MdEditor	Numeric	relation_many_to_zero_or_many	md-editor-relation-many-to-zero-or-many	F149A	E	md
RelationManyToZeroOrOne	MdEditor	Numeric	relation_many_to_zero_or_one	md-editor-relation-many-to-zero-or-one	F149B	E	md
RelationOneOrManyToMany	MdEditor	Numeric	relation_one_or_many_to_many	md-editor-relation-one-or-many-to-many	F149C	E	md
RelationOneOrManyToOne	MdEditor	Numeric	relation_one_or_many_to_one	md-editor-relation-one-or-many-to-one	F149D	E	md
RelationOneOrManyToOneOrMany	MdEditor	Numeric	relation_one_or_many_to_one_or_many	md-editor-relation-one-or-many-to-one-or-many	F149E	E	md
RelationOneOrManyToOnlyOne	MdEditor	Numeric	relation_one_or_many_to_only_one	md-editor-relation-one-or-many-to-only-one	F149F	E	md
RelationOneOrManyToZeroOrMany	MdEditor	Numeric	relation_one_or_many_to_zero_or_many	md-editor-relation-one-or-many-to-zero-or-many	F14A0	E	md
RelationOneOrManyToZeroOrOne	MdEditor	Numeric	relation_one_or_many_to_zero_or_one	md-editor-relation-one-or-many-to-zero-or-one	F14A1	E	md
RelationOneToMany	MdEditor	Numeric	relation_one_to_many	md-editor-relation-one-to-many	F14A2	E	md
RelationOneToOne	MdEditor	Numeric	relation_one_to_one	md-editor-relation-one-to-one	F14A3	E	md
RelationOneToOneOrMany	MdEditor	Numeric	relation_one_to_one_or_many	md-editor-relation-one-to-one-or-many	F14A4	E	md
RelationOneToOnlyOne	MdEditor	Numeric	relation_one_to_only_one	md-editor-relation-one-to-only-one	F14A5	E	md
RelationOneToZeroOrMany	MdEditor	Numeric	relation_one_to_zero_or_many	md-editor-relation-one-to-zero-or-many	F14A6	E	md
RelationOneToZeroOrOne	MdEditor	Numeric	relation_one_to_zero_or_one	md-editor-relation-one-to-zero-or-one	F14A7	E	md
RelationOnlyOneToMany	MdEditor	Numeric	relation_only_one_to_many	md-editor-relation-only-one-to-many	F14A8	E	md
RelationOnlyOneToOne	MdEditor	Numeric	relation_only_one_to_one	md-editor-relation-only-one-to-one	F14A9	E	md
RelationOnlyOneToOneOrMany	MdEditor	Numeric	relation_only_one_to_one_or_many	md-editor-relation-only-one-to-one-or-many	F14AA	E	md
RelationOnlyOneToOnlyOne	MdEditor	Numeric	relation_only_one_to_only_one	md-editor-relation-only-one-to-only-one	F14AB	E	md
RelationOnlyOneToZeroOrMany	MdEditor	Numeric	relation_only_one_to_zero_or_many	md-editor-relation-only-one-to-zero-or-many	F14AC	E	md
RelationOnlyOneToZeroOrOne	MdEditor	Numeric	relation_only_one_to_zero_or_one	md-editor-relation-only-one-to-zero-or-one	F14AD	E	md
RelationZeroOrManyToMany	MdEditor	Numeric	relation_zero_or_many_to_many	md-editor-relation-zero-or-many-to-many	F14AE	E	md
RelationZeroOrManyToOne	MdEditor	Numeric	relation_zero_or_many_to_one	md-editor-relation-zero-or-many-to-one	F14AF	E	md
RelationZeroOrManyToOneOrMany	MdEditor	Numeric	relation_zero_or_many_to_one_or_many	md-editor-relation-zero-or-many-to-one-or-many	F14B0	E	md
RelationZeroOrManyToOnlyOne	MdEditor	Numeric	relation_zero_or_many_to_only_one	md-editor-relation-zero-or-many-to-only-one	F14B1	E	md
RelationZeroOrManyToZeroOrMany	MdEditor	Numeric	relation_zero_or_many_to_zero_or_many	md-editor-relation-zero-or-many-to-zero-or-many	F14B2	E	md
RelationZeroOrManyToZeroOrOne	MdEditor	Numeric	relation_zero_or_many_to_zero_or_one	md-editor-relation-zero-or-many-to-zero-or-one	F14B3	E	md
RelationZeroOrOneToMany	MdEditor	Numeric	relation_zero_or_one_to_many	md-editor-relation-zero-or-one-to-many	F14B4	E	md
RelationZeroOrOneToOne	MdEditor	Numeric	relation_zero_or_one_to_one	md-editor-relation-zero-or-one-to-one	F14B5	E	md
RelationZeroOrOneToOneOrMany	MdEditor	Numeric	relation_zero_or_one_to_one_or_many	md-editor-relation-zero-or-one-to-one-or-many	F14B6	E	md
RelationZeroOrOneToOnlyOne	MdEditor	Numeric	relation_zero_or_one_to_only_one	md-editor-relation-zero-or-one-to-only-one	F14B7	E	md
RelationZeroOrOneToZeroOrMany	MdEditor	Numeric	relation_zero_or_one_to_zero_or_many	md-editor-relation-zero-or-one-to-zero-or-many	F14B8	E	md
RelationZeroOrOneToZeroOrOne	MdEditor	Numeric	relation_zero_or_one_to_zero_or_one	md-editor-relation-zero-or-one-to-zero-or-one	F14B9	E	md
Git	MdEditor	Source	git	md-editor-git	F02A2	E	md
SourceBranch	MdEditor	Source	source_branch	md-editor-source-branch	F062C	E	md
SourceBranchCheck	MdEditor	Source	source_branch_check	md-editor-source-branch-check	F14CF	E	md
SourceBranchMinus	MdEditor	Source	source_branch_minus	md-editor-source-branch-minus	F14CB	E	md
SourceBranchPlus	MdEditor	Source	source_branch_plus	md-editor-source-branch-plus	F14CA	E	md
SourceBranchRefresh	MdEditor	Source	source_branch_refresh	md-editor-source-branch-refresh	F14CD	E	md
SourceBranchRemove	MdEditor	Source	source_branch_remove	md-editor-source-branch-remove	F14CC	E	md
SourceBranchSync	MdEditor	Source	source_branch_sync	md-editor-source-branch-sync	F14CE	E	md
SourceCommit	MdEditor	Source	source_commit	md-editor-source-commit	F0718	E	md
SourceCommitEnd	MdEditor	Source	source_commit_end	md-editor-source-commit-end	F0719	E	md
SourceCommitEndLocal	MdEditor	Source	source_commit_end_local	md-editor-source-commit-end-local	F071A	E	md
SourceCommitLocal	MdEditor	Source	source_commit_local	md-editor-source-commit-local	F071B	E	md
SourceCommitNextLocal	MdEditor	Source	source_commit_next_local	md-editor-source-commit-next-local	F071C	E	md
SourceCommitStart	MdEditor	Source	source_commit_start	md-editor-source-commit-start	F071D	E	md
SourceCommitStartNextLocal	MdEditor	Source	source_commit_start_next_local	md-editor-source-commit-start-next-local	F071E	E	md
SourceFork	MdEditor	Source	source_fork	md-editor-source-fork	F04C1	E	md
SourceMerge	MdEditor	Source	source_merge	md-editor-source-merge	F062D	E	md
SourcePull	MdEditor	Source	source_pull	md-editor-source-pull	F04C2	E	md
SourceRepository	MdEditor	Source	source_repository	md-editor-source-repository	F0CCF	E	md
SourceRepositoryMultiple	MdEditor	Source	source_repository_multiple	md-editor-source-repository-multiple	F0CD0	E	md
Grid	MdEditor	Table	grid	md-editor-grid	F02C1	E	md
GridLarge	MdEditor	Table	grid_large	md-editor-grid-large	F0758	E	md
GridOff	MdEditor	Table	grid_off	md-editor-grid-off	F02C2	E	md
Table	MdEditor	Table	table	md-editor-table	F04EB	E	md
TableAccount	MdEditor	Table	table_account	md-editor-table-account	F13B9	E	md
TableAlert	MdEditor	Table	table_alert	md-editor-table-alert	F13BA	E	md
TableArrowDown	MdEditor	Table	table_arrow_down	md-editor-table-arrow-down	F13BB	E	md
TableArrowLeft	MdEditor	Table	table_arrow_left	md-editor-table-arrow-left	F13BC	E	md
TableArrowRight	MdEditor	Table	table_arrow_right	md-editor-table-arrow-right	F13BD	E	md
TableArrowUp	MdEditor	Table	table_arrow_up	md-editor-table-arrow-up	F13BE	E	md
TableBorder	MdEditor	Table	table_border	md-editor-table-border	F0A18	E	md
TableCancel	MdEditor	Table	table_cancel	md-editor-table-cancel	F13BF	E	md
TableChair	MdEditor	Table	table_chair	md-editor-table-chair	F1061	E	md
TableCheck	MdEditor	Table	table_check	md-editor-table-check	F13C0	E	md
TableClock	MdEditor	Table	table_clock	md-editor-table-clock	F13C1	E	md
TableCog	MdEditor	Table	table_cog	md-editor-table-cog	F13C2	E	md
TableColumn	MdEditor	Table	table_column	md-editor-table-column	F0835	E	md
TableColumnPlusAfter	MdEditor	Table	table_column_plus_after	md-editor-table-column-plus-after	F04EC	E	md
TableColumnPlusBefore	MdEditor	Table	table_column_plus_before	md-editor-table-column-plus-before	F04ED	E	md
TableColumnRemove	MdEditor	Table	table_column_remove	md-editor-table-column-remove	F04EE	E	md
TableColumnWidth	MdEditor	Table	table_column_width	md-editor-table-column-width	F04EF	E	md
TableEdit	MdEditor	Table	table_edit	md-editor-table-edit	F04F0	E	md
TableEye	MdEditor	Table	table_eye	md-editor-table-eye	F1094	E	md
TableEyeOff	MdEditor	Table	table_eye_off	md-editor-table-eye-off	F13C3	E	md
TableFurniture	MdEditor	Table	table_furniture	md-editor-table-furniture	F05BC	E	md
TableHeadersEye	MdEditor	Table	table_headers_eye	md-editor-table-headers-eye	F121D	E	md
TableHeadersEyeOff	MdEditor	Table	table_headers_eye_off	md-editor-table-headers-eye-off	F121E	E	md
TableHeart	MdEditor	Table	table_heart	md-editor-table-heart	F13C4	E	md
TableKey	MdEditor	Table	table_key	md-editor-table-key	F13C5	E	md
TableLarge	MdEditor	Table	table_large	md-editor-table-large	F04F1	E	md
TableLargePlus	MdEditor	Table	table_large_plus	md-editor-table-large-plus	F0F87	E	md
TableLargeRemove	MdEditor	Table	table_large_remove	md-editor-table-large-remove	F0F88	E	md
TableLock	MdEditor	Table	table_lock	md-editor-table-lock	F13C6	E	md
TableMergeCells	MdEditor	Table	table_merge_cells	md-editor-table-merge-cells	F09A6	E	md
TableMinus	MdEditor	Table	table_minus	md-editor-table-minus	F13C7	E	md
TableMultiple	MdEditor	Table	table_multiple	md-editor-table-multiple	F13C8	E	md
TableNetwork	MdEditor	Table	table_network	md-editor-table-network	F13C9	E	md
TableOfContents	MdEditor	Table	table_of_contents	md-editor-table-of-contents	F0836	E	md
TableOff	MdEditor	Table	table_off	md-editor-table-off	F13CA	E	md
TablePicnic	MdEditor	Table	table_picnic	md-editor-table-picnic	F1743	E	md
TablePivot	MdEditor	Table	table_pivot	md-editor-table-pivot	F183C	E	md
TablePlus	MdEditor	Table	table_plus	md-editor-table-plus	F0A75	E	md
TableRefresh	MdEditor	Table	table_refresh	md-editor-table-refresh	F13A0	E	md
TableRemove	MdEditor	Table	table_remove	md-editor-table-remove	F0A76	E	md
TableRow	MdEditor	Table	table_row	md-editor-table-row	F0837	E	md
TableRowHeight	MdEditor	Table	table_row_height	md-editor-table-row-height	F04F2	E	md
TableRowPlusAfter	MdEditor	Table	table_row_plus_after	md-editor-table-row-plus-after	F04F3	E	md
TableRowPlusBefore	MdEditor	Table	table_row_plus_before	md-editor-table-row-plus-before	F04F4	E	md
TableRowRemove	MdEditor	Table	table_row_remove	md-editor-table-row-remove	F04F5	E	md
TableSearch	MdEditor	Table	table_search	md-editor-table-search	F090F	E	md
TableSettings	MdEditor	Table	table_settings	md-editor-table-settings	F0838	E	md
TableSplitCell	MdEditor	Table	table_split_cell	md-editor-table-split-cell	F142A	E	md
TableStar	MdEditor	Table	table_star	md-editor-table-star	F13CB	E	md
TableSync	MdEditor	Table	table_sync	md-editor-table-sync	F13A1	E	md
TableTennis	MdEditor	Table	table_tennis	md-editor-table-tennis	F0E68	E	md
Crop	MdEditor	Transform	crop	md-editor-crop	F019E	E	md
CropFree	MdEditor	Transform	crop_free	md-editor-crop-free	F019F	E	md
CropLandscape	MdEditor	Transform	crop_landscape	md-editor-crop-landscape	F01A0	E	md
CropPortrait	MdEditor	Transform	crop_portrait	md-editor-crop-portrait	F01A1	E	md
CropRotate	MdEditor	Transform	crop_rotate	md-editor-crop-rotate	F0696	E	md
CropSquare	MdEditor	Transform	crop_square	md-editor-crop-square	F01A2	E	md
FlipHorizontal	MdEditor	Transform	flip_horizontal	md-editor-flip-horizontal	F10E7	E	md
FlipToBack	MdEditor	Transform	flip_to_back	md-editor-flip-to-back	F0247	E	md
FlipToFront	MdEditor	Transform	flip_to_front	md-editor-flip-to-front	F0248	E	md
FlipVertical	MdEditor	Transform	flip_vertical	md-editor-flip-vertical	F10E8	E	md
Resize	MdEditor	Transform	resize	md-editor-resize	F0A68	E	md
ResizeBottomRight	MdEditor	Transform	resize_bottom_right	md-editor-resize-bottom-right	F045D	E	md
Rotate360	MdEditor	Transform	rotate_360	md-editor-rotate-360	F1999	E	md
Rotate3d	MdEditor	Transform	rotate_3d	md-editor-rotate-3d	F0EC7	E	md
Rotate3dVariant	MdEditor	Transform	rotate_3d_variant	md-editor-rotate-3d-variant	F0464	E	md
RotateLeft	MdEditor	Transform	rotate_left	md-editor-rotate-left	F0465	E	md
RotateLeftVariant	MdEditor	Transform	rotate_left_variant	md-editor-rotate-left-variant	F0466	E	md
RotateOrbit	MdEditor	Transform	rotate_orbit	md-editor-rotate-orbit	F0D98	E	md
RotateRight	MdEditor	Transform	rotate_right	md-editor-rotate-right	F0467	E	md
RotateRightVariant	MdEditor	Transform	rotate_right_variant	md-editor-rotate-right-variant	F0468	E	md
